event_key,provision_id,judgment_id,event_type,scope,scope_text,operative_quote,source_paragraph,effective_date,affects_event,method,verified,confidence,case_name,source_url,notes,flag
B01,ke/act/cap-411a/part_III__sec_29,ke/judgment/kehc/2016/7592,declared_unconstitutional,total,,I declare that section 29 of the Kenya Information and Communication Act is unconstitutional,"Disposition, order (a) (source has no paragraph numbers)",2016-04-19,,manual,false,0.95,Andare v Attorney General & another; Article 19 – East Africa (Interested Party) [2016] KEHC 7592 (KLR),https://new.kenyalaw.org/akn/ke/judgment/kehc/2016/7592/eng@2016-04-19,Whole section. Reasoning (Disposition) also finds s.29 'null and void' for violating Art 33. Court declined to find Art 50(2)(n) violation. DPP barred from continuing prosecution under s.29 (last para).,
B02,ke/act/cap-63/part_II__chp_XVIII__sec_194,ke/judgment/kehc/2017/8382,declared_unconstitutional,partial,to the extent that it covers offences other than those contemplated under Article 33 (2) (a)- (d ) of the Constitution of Kenya 2010,"A declaration be and is hereby issued that section 194 of the Penal Code, cap 63, Laws of Kenya is unconstitutional and invalid to the extent that it covers offences other than those contemplated under Article 33 (2) (a)- (d ) of the Constitution of Kenya 2010","Final orders, declaration (i) (source has no paragraph numbers; bracketed numbers are footnote markers)",2017-02-06,,manual,false,0.85,Jacqueline Okuta & another v Attorney General & 2 others [2017] KEHC 8382 (KLR),https://new.kenyalaw.org/akn/ke/judgment/kehc/2017/8382/eng@2017-02-06,"Order is partial, but the reasoning condemns criminal defamation wholesale ('it is absolutely unnecessary to criminalize defamatory statements'). Source header reads PETITION NO. 397 OF 2016, not 2015.",ambiguous: order partial vs reasoning total
B03,ke/act/cap-63/part_II__chp_XVIII__subpart_nn_1__sec_204,ke/judgment/kesc/2017/2,declared_unconstitutional,partial,to the extent that it provides for the mandatory death sentence for murder,The mandatory nature of the death sentence as provided for under section 204 of the Penal Code is hereby declared unconstitutional.,112(a); scope from 69,2017-12-14,,manual,false,0.95,Muruatetu & another v Republic; Katiba Institute & 5 others (Amicus Curiae) [2017] KESC 2 (KLR),https://new.kenyalaw.org/akn/ke/judgment/kesc/2017/2/eng@2017-12-14,Order 112(a) continues: 'this order does not disturb the validity of the death sentence as contemplated under article 26(3)'. Para 69: death penalty 'still applicable as a discretionary maximum punishment'. Para 52 affirms CA in Mutiso; Mwaura (CA) effectively displaced but not expressly overruled in text.,
B04,ke/act/cap-63/part_II__chp_XVIII__subpart_nn_1__sec_204,ke/judgment/kesc/2021/31,interpreted,partial,apply only in respect to sentences of murder under sections 203 and 204 of the Penal Code,The decision of Muruatetu and these guidelines apply only in respect to sentences of murder under sections 203 and 204 of the Penal Code,"18(i); see also 11, 15",2021-07-06,B03,manual,false,0.9,Muruatetu & another v Republic; Katiba Institute & 5 others (Amicus Curiae) [2021] KESC 31 (KLR),https://new.kenyalaw.org/akn/ke/judgment/kesc/2021/31/eng@2021-07-06,"Directions limit the reach of B03, do not change s.204's status. Para 11: Muruatetu 'did not invalidate mandatory sentences or minimum sentences in the Penal Code, the Sexual Offences Act or any other statute'. Para 15: ss.40(3), 296(2), 297(2) must be challenged separately; 'Muruatetu as it now stands cannot directly be applicable to those cases.'",
B05,ke/act/cap-63/part_II__chp_XIII__sec_132,ke/judgment/kehc/2017/6090,declared_unconstitutional,total,,A declaration is hereby issued that Section 132 of the Penal Code is unconstitutional and invalid.,62 (order 1),2017-04-26,,manual,false,0.9,Robert Alai v The Hon Attorney General & another [2017] KEHC 6090 (KLR),https://new.kenyalaw.org/akn/ke/judgment/kehc/2017/6090/eng@2017-04-26,"Formal order is total. Para 61 reasoning is qualified: inconsistent 'in so far as it suppresses freedom of expression, shifts burden to an accused, denies an accused the right to remain silent and derogates the right to fair hearing'.",ambiguous: order total vs 'in so far as' reasoning
B06,ke/act/cap-63/part_II__chp_VII__sec_66,ke/judgment/kehc/2021/12538,declared_unconstitutional,total,,A declaration is hereby issued that section 66 of the Penal Code is unconstitutional and invalid for unjustifiably violating articles 33 and 50(2)(a) of the Constitution,68(a),2021-05-13,,manual,false,0.95,Andama v Director of Public Prosecutions & 2 others; Article 19 East Africa (Interested Party) [2021] KEHC 12538 (KLR),https://new.kenyalaw.org/akn/ke/judgment/kehc/2021/12538/eng@2021-05-13,Covers s.66(1) offence and s.66(2) reverse-onus defence (paras 46-49).,
B07,ke/act/cap-63/part_II__chp_XV__sec_162,ke/judgment/kehc/2019/11288,upheld,partial,sections 162 (a) and (c),we are not satisfied that the Petitioners’ attack on the constitutional validity of sections 162 and 165 of the Penal Code is sustainable. We find that the impugned sections are not unconstitutional.,406; vagueness limb 278,2019-05-24,,manual,false,0.85,EG & 7 others v Attorney General; DKM & 9 others (Interested Parties); Katiba Institute & another (Amicus Curiae) [2019] KEHC 11288 (KLR),https://new.kenyalaw.org/akn/ke/judgment/kehc/2019/11288/eng@2019-05-24,"Challenge framed against s.162(a) and (c) only (paras 1, 242); s.162(b) (animals) never challenged. Dispositive para 406 speaks of 'sections 162 and 165'. Three-judge bench.","ambiguous: scope partial (a),(c) vs order wording 'sections 162'"
B08,ke/act/cap-63/part_II__chp_XV__sec_165,ke/judgment/kehc/2019/11288,upheld,total,,we are not satisfied that the Petitioners’ attack on the constitutional validity of sections 162 and 165 of the Penal Code is sustainable. We find that the impugned sections are not unconstitutional.,406; vagueness limb 278,2019-05-24,,manual,false,0.9,EG & 7 others v Attorney General; DKM & 9 others (Interested Parties); Katiba Institute & another (Amicus Curiae) [2019] KEHC 11288 (KLR),https://new.kenyalaw.org/akn/ke/judgment/kehc/2019/11288/eng@2019-05-24,,
B09,ke/act/cap-63a/sec_8,ke/judgment/keca/2019/5,read_down,partial,so as not to take away the discretion of the court in sentencing,we hold that the provisions of section 8 of the sexual Offences Act must be interpreted so as not to take away the discretion of the court in sentencing,39,2019-03-28,,manual,false,0.8,Kilwake v Republic [2019] KECA 5 (KLR),https://new.kenyalaw.org/akn/ke/judgment/keca/2019/5/eng@2019-03-28,"No declaration of unconstitutionality. Para 38 applies Muruatetu reasoning to SOA. Applies to s.8 generally (8(2)-(4)); conviction was under 8(3). Internal inconsistency: para 41 says 10 years adequate, para 42 substitutes 15 years.",
B10,ke/act/cap-63a/sec_8,ke/judgment/keca/2022/1106,read_down,partial,the mandatory nature of the sentences provided for in the SOA,"we believe that the same, as applies to the unconstitutionality of mandatory sentences, can be applied mutatis mutandis to the mandatory nature of the sentences provided for in the SOA",27; see also 32,2022-10-07,,manual,false,0.6,Mwangi v Republic [2022] KECA 1106 (KLR),https://new.kenyalaw.org/akn/ke/judgment/keca/2022/1106/eng@2022-10-07,No formal declaration and no section number in the holding; orders (35) only substitute sentence. Para 32: mandatory sentences 'conflicts with the principle of separation of powers'. SC in kesc/2024/34 para 64 calls this a 'declaration of unconstitutionality' but para 65 says CA 'did not declare any particular provision ... unconstitutional'.,ambiguous: read_down vs declared_unconstitutional
B11,ke/act/cap-63a/sec_8,ke/judgment/kesc/2024/34,reversed_on_appeal,total,,"The Petition of Appeal is allowed to the extent of setting aside the Judgment of the Court of Appeal in Nyeri in Criminal Appeal No 84 of 2015 Joshua Gichuki Mwangi v Republic delivered on October 7, 2022.","71(a); reasons 53, 64-69",2024-07-12,B10,manual,false,0.9,Republic v Mwangi; Initiative for Strategic Litigation in Africa (ISLA) & 3 others (Amicus Curiae) [2024] KESC 34 (KLR),https://new.kenyalaw.org/akn/ke/judgment/kesc/2024/34/eng@2024-07-12,SC did NOT declare s.8 constitutional: para 69 'lawful and remains lawful as long as section 8 of the Sexual Offences Act remains valid'; para 63 constitutionality of minimum sentences must be filed in HC first. Not an 'upheld' event.,
B12,ke/act/cap-63a/sec_8,ke/judgment/keca/2023/827,declared_unconstitutional,partial,the imposition of a mandatory indeterminate life sentence,"having found the sentence of life imprisonment to be unconstitutional, we have the discretion to interfere with the said sentence",26; reasoning 21,2023-07-07,,manual,false,0.55,Manyeso v Republic [2023] KECA 827 (KLR),https://new.kenyalaw.org/akn/ke/judgment/keca/2023/827/eng@2023-07-07,"Targets s.8(2) (life for child 11 or under; ground c, para 5). Finding is in reasoning, not in formal orders (27 only substitutes 40 years). Reasoning (21) is about life sentences generally, not tied to s.8(2) text.",ambiguous: declared_unconstitutional vs interpreted; provision-level target unclear
B13,ke/act/cap-63a/sec_8,ke/judgment/kesc/2025/16,reversed_on_appeal,total,,The life imprisonment sentence imposed by the trial court and affirmed by the High Court is hereby reinstated.,"72(b); reasons 55, 66, 69-70",2025-04-11,B12,manual,false,0.9,Republic v Manyeso [2025] KESC 16 (KLR),https://new.kenyalaw.org/akn/ke/judgment/kesc/2025/16/eng@2025-04-11,Para 66: CA 'violated the principle of stare decisis by misapplying the decision in Muruatetu and in finding the life sentences of imprisonment to be unconstitutional.' Para 55: SC itself does not decide constitutionality of life imprisonment.,
B14,ke/act/cap-63a/sec_8,ke/judgment/kesc/2025/20,reversed_on_appeal,partial,to the extent that it determined the parameters of life imprisonment,"the remedy that commends itself to us, is the setting aside of the Court of Appeal’s Judgment to the extent that it determined the parameters of life imprisonment",56; orders 58(i)-(iii),2025-04-11,,manual,false,0.8,Republic v Ayako [2025] KESC 20 (KLR),https://new.kenyalaw.org/akn/ke/judgment/kesc/2025/20/eng@2025-04-11,"Reverses CA Ayako v Republic, Criminal Appeal 22 of 2018 (8 Dec 2023), which held life imprisonment cruel and set 30 years (paras 13-18). That CA judgment is not in the dataset, so affects_event is empty. Para 41: SC does not decide constitutionality of life imprisonment.",missing target: reversed CA event not in dataset
B15,ke/act/cap-63/part_II__chp_IX__sec_78,ke/judgment/kesc/2019/93,upheld,partial,"sections 78(1), 78(2)","Consequently, we find the allegations of unconstitutionality of the impugned sections to be without merit.",107; issue framed 65(iii),2019-10-18,,manual,false,0.7,Khalid & 16 others v Attorney General & 2 others [2019] KESC 93 (KLR),https://new.kenyalaw.org/akn/ke/judgment/kesc/2019/93/eng@2019-10-18,"Vagueness challenge to s.78(1),(2) (definitions of unlawful assembly and riot). SC agrees with HC/CA (103) but reasoning (105-106) leaves proof to trial court; weak merits holding.",
B16,ke/act/cap-63/part_II__chp_IX__sec_94,ke/judgment/kesc/2019/93,upheld,partial,94(1),"Consequently, we find the allegations of unconstitutionality of the impugned sections to be without merit.",107; issue framed 65(iii),2019-10-18,,manual,false,0.7,Khalid & 16 others v Attorney General & 2 others [2019] KESC 93 (KLR),https://new.kenyalaw.org/akn/ke/judgment/kesc/2019/93/eng@2019-10-18,Vagueness challenge to s.94(1) (offensive conduct conducive to breach of the peace).,
