event_id,judgment_id,title,court,section,event_type,scope,scope_text,subsection,operative_quote,source_paragraph,raw_path
475,ke/judgment/kesc/2014/53,"Communications Commission of Kenya & 5 others v Royal Media Services Ltd & 5 others (Petition 14, 14A, 14B & 14C of 2014 (Consolidated)) [2014] KESC 53 (KLR) (29 September 2014) (Judgment)",Supreme Court,Kenya Information and Communications Act s.5 (Object and purpose of the Commission),upheld,total,,,"Hence it is our conclusion that, CCK was not only legally mandated to regulate airwaves and licensing under the 1998 and 2009 Acts, but also, the promulgation of the Constitution of 2010 did not render its actions immediately unconstitutional.",209,parsed/judgment/akn_ke_judgment_kesc_2014_53_eng@2014-09-29.json
478,ke/judgment/kesc/2024/38,Wanga v Republic (Petition E030 of 2023) [2024] KESC 38 (KLR) (2 August 2024) (Judgment),Supreme Court,Penal Code s.204 (Punishment of murder),interpreted,partial,The decision in the Muruatetu case applies only with respect to the mandatory nature of the death sentence under sections 203 and 204 of the Penal Code and no parallel ought to be drawn beyond that statement.,,"We say no more,save to recapitulate that our decision in the Muruatetu case did not generally invalidate mandatory sentences or minimum sentences in the Penal Code , the Sexual Offences Act , or any other statute. The decision in the Muruatetu case applies only with respect to the mandatory nature of the death sentence under sections 203 and 204 of the Penal Code and no parallel ought to be drawn beyond that statement.",39,parsed/judgment/akn_ke_judgment_kesc_2024_38_eng@2024-08-02.json
479,ke/judgment/kesc/2024/38,Wanga v Republic (Petition E030 of 2023) [2024] KESC 38 (KLR) (2 August 2024) (Judgment),Supreme Court,Penal Code s.203 (Murder),interpreted,partial,The decision in the Muruatetu case applies only with respect to the mandatory nature of the death sentence under sections 203 and 204 of the Penal Code and no parallel ought to be drawn beyond that statement.,,"We say no more,save to recapitulate that our decision in the Muruatetu case did not generally invalidate mandatory sentences or minimum sentences in the Penal Code , the Sexual Offences Act , or any other statute. The decision in the Muruatetu case applies only with respect to the mandatory nature of the death sentence under sections 203 and 204 of the Penal Code and no parallel ought to be drawn beyond that statement.",39,parsed/judgment/akn_ke_judgment_kesc_2024_38_eng@2024-08-02.json
481,ke/judgment/kesc/2021/32,Jirongo v Soy Developers Ltd & 9 others (Petition 38 of 2019) [2021] KESC 32 (KLR) (16 July 2021) (Judgment),Supreme Court,Criminal Procedure Code s.193A (Concurrent criminal and civil proceedings),interpreted,partial,"where it is obvious to a court, as it is to us and was to the learned Judge of the High Court, that a prosecution is being mounted to aid proof of matters before a civil court or where the hand of a suspect is being forced by the sword of criminal proceedings to compromise pending civil proceedings, then section 193A of the Criminal Procedure Code cannot be invoked to aid that unlawful course of action",,"We respectfully agree and adopt this position in this case but must add that where it is obvious to a court, as it is to us and was to the learned Judge of the High Court, that a prosecution is being mounted to aid proof of matters before a civil court or where the hand of a suspect is being forced by the sword of criminal proceedings to compromise pending civil proceedings, then section 193A of the Criminal Procedure Code cannot be invoked to aid that unlawful course of action.",77,parsed/judgment/akn_ke_judgment_kesc_2021_32_eng@2021-07-16.json
482,ke/judgment/keca/1983/131,"Stephen M’Riungi, & 3 others vs Republic [1983] KECA 131 (KLR)",Court of Appeal,Criminal Procedure Code s.7 (Sentences which subordinate courts may pass),upheld,total,,,We can see no valid ground for assuming that the said amendment was contrary to the Constitution of Kenya.,,parsed/judgment/akn_ke_judgment_keca_1983_131_eng@1983-10-27.json
492,ke/judgment/keca/2018/83,Erick Juma Mbea v Republic [2018] KECA 83 (KLR),Court of Appeal,Penal Code s.296 (Punishment of robbery),read_down,partial,We do not see any reason why this approach should not be applied to the mandatory sentence of death specified by section 296 (2) of the Penal Code in respect of a person convicted for the offence of robbery with violence or attempted robbery with violence.,296(2),We do not see any reason why this approach should not be applied to the mandatory sentence of death specified by section 296 (2) of the Penal Code in respect of a person convicted for the offence of robbery with violence or attempted robbery with violence.,,parsed/judgment/akn_ke_judgment_keca_2018_83_eng@2018-12-07.json
494,ke/judgment/keca/2019/906,Wambui v Republic (Criminal Appeal 102 of 2016) [2019] KECA 906 (KLR) (22 March 2019) (Judgment),Court of Appeal,Sexual Offences Act s.8 (Defilement),read_down,partial,We would therefore opine that the elements constituting the defence should be read disjunctively if the two sub-sections are to make sense.,8(5),We would therefore opine that the elements constituting the defence should be read disjunctively if the two sub-sections are to make sense.,34,parsed/judgment/akn_ke_judgment_keca_2019_906_eng@2019-03-22.json
504,ke/judgment/keca/2024/1860,Muthoni v Republic (Criminal Appeal 19 of 2019) [2024] KECA 1860 (KLR) (20 December 2024) (Judgment),Court of Appeal,Sexual Offences Act s.8 (Defilement),upheld,total,,8(2),We are bound by the decision of the Supreme Court.,11,parsed/judgment/akn_ke_judgment_keca_2024_1860_eng@2024-12-20.json
507,ke/judgment/keca/2024/324,MB v Republic (Criminal Appeal 219 of 2019) [2024] KECA 324 (KLR) (15 March 2024) (Judgment),Court of Appeal,Sexual Offences Act s.8 (Defilement),declared_unconstitutional,partial,"to the extent of finding that the mandatory nature of the sentence of life imprisonment provided under Section 8(2) of the Sexual Offences Act is unconstitutional, as is the indeterminate term of the life imprisonment",8(2),"For the afore stated reasons, we allow the appellant’s appeal against sentence to the extent of finding that the mandatory nature of the sentence of life imprisonment provided under Section 8(2) of the Sexual Offences Act is unconstitutional, as is the indeterminate term of the life imprisonment.",11,parsed/judgment/akn_ke_judgment_keca_2024_324_eng@2024-03-15.json
510,ke/judgment/keca/2025/14,KOW v Republic (Criminal Appeal 36 of 2020) [2025] KECA 14 (KLR) (10 January 2025) (Judgment),Court of Appeal,Criminal Procedure Code s.166 (Defence of lunacy adduced at trial),declared_unconstitutional,partial,in regard to the powers given to the President to order detention of convicts found to have been mentally disabled at the time of the commission of the offence or during trial,,"Nevertheless, we are in agreement with the general principle espoused by Mativo J in AOO vs Attorney- General regarding the vesting of judicial powers upon the executive being contrary to the doctrine of separation of powers, and would agree that just as the powers vested under section 25 of the Penal Code, the powers vested under section 166 of the CPC is unconstitutional.",23,parsed/judgment/akn_ke_judgment_keca_2025_14_eng@2025-01-10.json
511,ke/judgment/keca/2024/259,Imutoka v Republic (Criminal Appeal 121 of 2019) [2024] KECA 259 (KLR) (8 March 2024) (Judgment),Court of Appeal,Penal Code s.296 (Punishment of robbery),declared_unconstitutional,partial,the mandatory nature of death sentences provided for under the provisions of Section 296 (2) of the Penal Code CAP 63 of the Laws of Kenya,296(2),"Be that as it may, we are of the considered opinion that the ratio decidendi of the Supreme Court in Muruatetu I on the unconstitutional nature of mandatory death sentences under the provisions of Section 204 of the Penal Code equally applies mutatis mutandis and by parity of reasoning to the mandatory nature of death sentences provided for under the provisions of Section 296 (2) of the Penal Code CAP 63 of the Laws of Kenya as it cannot be said that the mandatory nature of the death sentence is unconstitutional in one section of the Penal Code and constitutional in another.",22,parsed/judgment/akn_ke_judgment_keca_2024_259_eng@2024-03-08.json
527,ke/judgment/keca/2025/2293,Manya v Republic (Criminal Appeal 174 of 2020) [2025] KECA 2293 (KLR) (19 December 2025) (Judgment),Court of Appeal,Penal Code s.296 (Punishment of robbery),reversed_on_appeal,total,,,"Inevitably, we find and hold that the learned Judges were in error to set aside the death sentence and substitute it with a term of life imprisonment, which we accordingly set aside and reinstate the sentence of death first and properly imposed by the trial magistrate.",14,parsed/judgment/akn_ke_judgment_keca_2025_2293_eng@2025-12-19.json
539,ke/judgment/keca/2026/63,Lubanga & another v Republic (Criminal Appeal 63 of 2018) [2026] KECA 63 (KLR) (30 January 2026) (Judgment),Court of Appeal,Penal Code s.296 (Punishment of robbery),upheld,total,,296(2),"In the present case, both courts below correctly imposed the death sentence as prescribed by law. We therefore see no basis to upset the concurrent findings of the two courts below. We agree that the death sentence is appropriate, legal and lawful.",32,parsed/judgment/akn_ke_judgment_keca_2026_63_eng@2026-01-30.json
547,ke/judgment/kehc/2013/517,Madaraka Kasyuko Mwendwa v Republic [2013] KEHC 517 (KLR),High Court,Penal Code s.296 (Punishment of robbery),upheld,total,,,"On the issue of the sentence being unconstitutional, we wish to state that this is not true. The Constitution in Article 26 (3) allows deprivation of life as authorized by law. Section 296 (2) provides death penalty for robbery with violence.",,parsed/judgment/akn_ke_judgment_kehc_2013_517_eng@2013-11-29.json
549,ke/judgment/kehc/2013/290,Peter Njau Koibata & another v Republic [2013] KEHC 290 (KLR),High Court,Penal Code s.296 (Punishment of robbery),upheld,total,,296(2),"Although a death sentence is harsh, it remains the mandatory sentence as under section 296(2) of the Penal Code and unless and until the law is amended, the Constitution as outlined under section 26(1) and (3), the right to life will be deprived of a persons under this law, section 296(2) of the Penal Code.",16,parsed/judgment/akn_ke_judgment_kehc_2013_290_eng@2013-12-18.json
550,ke/judgment/kehc/2013/6040,Jayne Wangui Gachoka v Kenya Commercial Bank Limited [2013] KEHC 6040 (KLR),High Court,Civil Procedure Act s.38 (Powers of court to enforce execution),upheld,total,,,I therefore find and hold that there has been no violation of the petitioner’s constitutional rights in the process of execution of the decree against her in respect of High Court Civil Case No 104 of 2006.,34,parsed/judgment/akn_ke_judgment_kehc_2013_6040_eng@2013-07-05.json
564,ke/judgment/kehc/2016/2053,Joseph Kaberia Kahinga & 11 others [2016] KEHC 2053 (KLR),High Court,Penal Code s.297 (Attempted robbery),declared_unconstitutional,total,,,"We hereby declare that Sections 295, 296(1), 296(2), 297(1) and 297(2) of the Penal Code do not meet the constitutional threshold of setting out in sufficient precision, distinctively clarifying and differentiating the degrees of aggravation of the offence of robbery and attempted robbery with such particularity as to enable those accused to adequately answer to the charges and prepare their defences.",8,parsed/judgment/akn_ke_judgment_kehc_2016_2053_eng@2016-09-15.json
566,ke/judgment/kehc/2016/3275,Joseph Kaberia Kahinga & 11 others v Attorney General [2016] KEHC 3275 (KLR),High Court,Penal Code s.295 (Definition of robbery),declared_unconstitutional,total,,,"We hereby declare that Sections 295, 296(1), 296(2), 297(1) and 297(2) of the Penal Code do not meet the constitutional threshold of setting out in sufficient precision, distinctively clarifying and differentiating the degrees of aggravation of the offence of robbery and attempted robbery with such particularity as to enable those accused to adequately answer to the charges and prepare their defences.",8,parsed/judgment/akn_ke_judgment_kehc_2016_3275_eng@2016-09-15.json
567,ke/judgment/kehc/2016/3275,Joseph Kaberia Kahinga & 11 others v Attorney General [2016] KEHC 3275 (KLR),High Court,Penal Code s.296 (Punishment of robbery),declared_unconstitutional,total,,,"We hereby declare that Sections 295, 296(1), 296(2), 297(1) and 297(2) of the Penal Code do not meet the constitutional threshold of setting out in sufficient precision, distinctively clarifying and differentiating the degrees of aggravation of the offence of robbery and attempted robbery with such particularity as to enable those accused to adequately answer to the charges and prepare their defences.",8,parsed/judgment/akn_ke_judgment_kehc_2016_3275_eng@2016-09-15.json
570,ke/judgment/kehc/2016/2942,Lumbasi v Republic (Criminal Appeal 17 of 2016) [2016] KEHC 2942 (KLR) (18 August 2016) (Judgment),High Court,Evidence Act s.124 (Corroboration required in criminal cases.),upheld,partial,the proviso to section 124,,"I am unable to hold that the proviso to section 124 is discriminatory, unconstitutional or that it violates articles 25 and 27 of the Constitution .",37,parsed/judgment/akn_ke_judgment_kehc_2016_2942_eng@2016-08-18.json
589,ke/judgment/kehc/2021/457,Jona & 87 others v Kenya Prison Service & 2 others (Petition 15 of 2020) [2021] KEHC 457 (KLR) (18 January 2021) (Judgment),High Court,Criminal Procedure Code s.333 (Warrant in case of sentence of imprisonment),interpreted,partial,"in imposing sentences, other than sentence of death to take account of the period spent in custody",333(2),"A declaration that trial courts are enjoined by section 333(2) of the Criminal Procedure Code , in imposing sentences, other than sentence of death to take account of the period spent in custody.",53,parsed/judgment/akn_ke_judgment_kehc_2021_457_eng@2021-01-18.json
590,ke/judgment/kehc/2021/457,Jona & 87 others v Kenya Prison Service & 2 others (Petition 15 of 2020) [2021] KEHC 457 (KLR) (18 January 2021) (Judgment),High Court,Criminal Procedure Code s.333 (Warrant in case of sentence of imprisonment),interpreted,partial,applies to the original sentence as well as the sentence imposed during resentencing,333(2),A declaration that section 333(2) applies to the original sentence as well as the sentence imposed during resentencing.,53,parsed/judgment/akn_ke_judgment_kehc_2021_457_eng@2021-01-18.json
592,ke/judgment/kehc/2020/8763,Okiya Omtatah Okoiti & 4 others v Attorney General & 4 others; Council of Governors & 4 others (Interested Parties) [2020] eKLR,High Court,Kenya Information and Communications Act s.6 (Board of Authority),declared_unconstitutional,total,,,"It is our finding, therefore, and we so hold, that section 6 of KICA as amended by Statute Law (Miscellaneous Amendment) Act No. 18 of 2018 is unconstitutional, null and void.",324,parsed/judgment/akn_ke_judgment_kehc_2020_8763_eng@2020-01-30.json
593,ke/judgment/kehc/2022/114,Kimaru & 17 others v Attorney General & another; Kenya National Human Rights and Equality Commission (Interested Party) (Petition 226 of 2020) [2022] KEHC 114 (KLR) (Constitutional and Human Rights) (1 February 2022) (Judgment),High Court,Criminal Procedure Code s.162 (Inquiry by court as to soundness of mind of accused),declared_unconstitutional,partial,"sections 162(4) and (5), 166 (2), (3), (4), (5), (6) and (7) and 167(1)(a), (b), (2), (3) and (4) of the Criminal Procedure Code or any other law providing for the detaining of any person with mental challenges who face a criminal trial or has been tried and a special finding made that such a person was ‘guilty but insane’ at the President’s pleasure contravenes articles 25(a), 27(1), (2), (4), 28, 29(d) and (f), 50, 51(1) and (2), 159(2)(a), (b) and (d) and 160(1) of the Constitution",162(4) and (5),"A declaration hereby issues that sections 162(4) and (5), 166 (2), (3), (4), (5), (6) and (7) and 167(1)(a), (b), (2), (3) and (4) of the Criminal Procedure Code or any other law providing for the detaining of any person with mental challenges who face a criminal trial or has been tried and a special finding made that such a person was ‘guilty but insane’ at the President’s pleasure contravenes articles 25(a), 27(1), (2), (4), 28, 29(d) and (f), 50, 51(1) and (2), 159(2)(a), (b) and (d) and 160(1) of the Constitution . Such provisions are hereby declared unconstitutional, null and void.",153,parsed/judgment/akn_ke_judgment_kehc_2022_114_eng@2022-02-01.json
594,ke/judgment/kehc/2022/114,Kimaru & 17 others v Attorney General & another; Kenya National Human Rights and Equality Commission (Interested Party) (Petition 226 of 2020) [2022] KEHC 114 (KLR) (Constitutional and Human Rights) (1 February 2022) (Judgment),High Court,Criminal Procedure Code s.166 (Defence of lunacy adduced at trial),declared_unconstitutional,partial,"sections 162(4) and (5), 166 (2), (3), (4), (5), (6) and (7) and 167(1)(a), (b), (2), (3) and (4) of the Criminal Procedure Code or any other law providing for the detaining of any person with mental challenges who face a criminal trial or has been tried and a special finding made that such a person was ‘guilty but insane’ at the President’s pleasure contravenes articles 25(a), 27(1), (2), (4), 28, 29(d) and (f), 50, 51(1) and (2), 159(2)(a), (b) and (d) and 160(1) of the Constitution","166(2), (3), (4), (5), (6) and (7)","A declaration hereby issues that sections 162(4) and (5), 166 (2), (3), (4), (5), (6) and (7) and 167(1)(a), (b), (2), (3) and (4) of the Criminal Procedure Code or any other law providing for the detaining of any person with mental challenges who face a criminal trial or has been tried and a special finding made that such a person was ‘guilty but insane’ at the President’s pleasure contravenes articles 25(a), 27(1), (2), (4), 28, 29(d) and (f), 50, 51(1) and (2), 159(2)(a), (b) and (d) and 160(1) of the Constitution . Such provisions are hereby declared unconstitutional, null and void.",153,parsed/judgment/akn_ke_judgment_kehc_2022_114_eng@2022-02-01.json
595,ke/judgment/kehc/2022/114,Kimaru & 17 others v Attorney General & another; Kenya National Human Rights and Equality Commission (Interested Party) (Petition 226 of 2020) [2022] KEHC 114 (KLR) (Constitutional and Human Rights) (1 February 2022) (Judgment),High Court,Criminal Procedure Code s.167 (Procedure when accused does not understand proceedings),declared_unconstitutional,partial,"sections 162(4) and (5), 166 (2), (3), (4), (5), (6) and (7) and 167(1)(a), (b), (2), (3) and (4) of the Criminal Procedure Code or any other law providing for the detaining of any person with mental challenges who face a criminal trial or has been tried and a special finding made that such a person was ‘guilty but insane’ at the President’s pleasure contravenes articles 25(a), 27(1), (2), (4), 28, 29(d) and (f), 50, 51(1) and (2), 159(2)(a), (b) and (d) and 160(1) of the Constitution","167(1)(a), (b), (2), (3) and (4)","A declaration hereby issues that sections 162(4) and (5), 166 (2), (3), (4), (5), (6) and (7) and 167(1)(a), (b), (2), (3) and (4) of the Criminal Procedure Code or any other law providing for the detaining of any person with mental challenges who face a criminal trial or has been tried and a special finding made that such a person was ‘guilty but insane’ at the President’s pleasure contravenes articles 25(a), 27(1), (2), (4), 28, 29(d) and (f), 50, 51(1) and (2), 159(2)(a), (b) and (d) and 160(1) of the Constitution . Such provisions are hereby declared unconstitutional, null and void.",153,parsed/judgment/akn_ke_judgment_kehc_2022_114_eng@2022-02-01.json
597,ke/judgment/kehc/2022/1165,Okiya Omtatah Okoiti v Director of Public Prosecutions; Inspector General of National Police Service & another (Interested Parties) International Commission of Jurists (Kenya Section) ( Amicus Curiae) [2022] KEHC 1165 (KLR),High Court,Criminal Procedure Code s.89 (Complaint and charge),interpreted,total,,,"The ODPP Act, 2013 and the National Police Service Act, 2011 were passed after the promulgation of the Kenyan Constitution, 2010 and they therefore supersede any provision of the Criminal Procedure Code, Cap. 75 which may give the impression that police officers are the persons to draft charge sheets and present them directly to courts.",221,parsed/judgment/akn_ke_judgment_kehc_2022_1165_eng@2022-03-24.json
600,ke/judgment/kehc/2022/12795,"Wachira & 12 others v Republic & 2 others (Petition 97, 88, 90 & 57 of 2021 (Consolidated)) [2022] KEHC 12795 (KLR) (31 August 2022) (Judgment)",High Court,Sexual Offences Act s.20 (Incest by male persons),declared_unconstitutional,partial,"To the extent that the provisions of sections 8(2), (3), (4), 11(1), 20(1) and 3(3) of the Sexual Offences Act deprive the court the discretion to determine the appropriate punishment taking into account the individual circumstances of each case, then the said provisions offend the notion of a fair trial contemplated under article 50(1) of the Constitution",20(1),"A declaration be and is hereby issued that sentencing remains a discretionary power, exercisable by the court and involves the deliberation of the appropriate sentence. To the extent that the provisions of sections 8(2), (3), (4), 11(1), 20(1) and 3(3) of the Sexual Offences Act deprive the court the discretion to determine the appropriate punishment taking into account the individual circumstances of each case, then the said provisions offend the notion of a fair trial contemplated under article 50(1) of the Constitution .",38,parsed/judgment/akn_ke_judgment_kehc_2022_12795_eng@2022-08-31.json
602,ke/judgment/kehc/2022/15412,Kibara v Republic (Criminal Appeal E075 of 2022) [2022] KEHC 15412 (KLR) (10 November 2022) (Judgment),High Court,Sexual Offences Act s.8 (Defilement),read_down,partial,"the extent that the Sexual Offences Act prescribes minimum mandatory sentences with no discretion to the trial court to determine the appropriate sentence to impose, falls foul of article 28 of the Constitution",,"I find that the extent that the Sexual Offences Act prescribes minimum mandatory sentences with no discretion to the trial court to determine the appropriate sentence to impose, falls foul of article 28 of the Constitution which provides that “Every person has inherent dignity and the right to have that dignity respected and protected”.",19,parsed/judgment/akn_ke_judgment_kehc_2022_15412_eng@2022-11-10.json
611,ke/judgment/kehc/2022/2631,Nathan Khaemba Makokha & others v Attorney General & another [2022] KEHC 2631 (KLR),High Court,Sexual Offences Act s.39 (Supervision of dangerous sexual offenders),read_down,partial,"the period of long term rehabilitation, where the remainder of the sentence is less than 5 years, can only be for the remainder of the term notwithstanding that the remainder of the term may be less than five years",39(3),"Since the principle of legality dictates that a convict ought to be subjected to the least sentence prescribed by the law where two sentences are prescribed, I declare that the period of long term rehabilitation, where the remainder of the sentence is less than 5 years, can only be for the remainder of the term notwithstanding that the remainder of the term may be less than five years.",30,parsed/judgment/akn_ke_judgment_kehc_2022_2631_eng@2022-02-08.json
613,ke/judgment/kehc/2022/685,Republic v Nicholas Wambogo [2022] KEHC 685 (KLR),High Court,Sexual Offences Act s.8 (Defilement),read_down,partial,I take the minimum sentence to be indicative of the seriousness of the offence given the age of the victim.,8(3),"When I employ the judicial tool provided in section 7 of the Transitional Provisions of the Sixth Schedule of the Constitution , I must construe this section with such modifications, alterations, adaptations and exceptions as appropriate in order to bring into conformity with the Constitution. Thus, I take the minimum sentence to be indicative of the seriousness of the offence given the age of the victim.",31,parsed/judgment/akn_ke_judgment_kehc_2022_685_eng@2022-04-27.json
614,ke/judgment/kehc/2023/23189,"Akoyo v Permanent Secretary, State Department for Devolution; Attorney General (Interested Party) (Application 440 of 2018) [2023] KEHC 23189 (KLR) (Judicial Review) (6 October 2023) (Ruling)",High Court,Civil Procedure Act s.63 (Supplemental proceedings),interpreted,total,,,"To the final question whether section 63 of the Civil Procedure Act applies to these proceedings, the short answer is that it does not. section 21 (4) of the Government Proceedings Act is not subject to this provision of the law.",71,parsed/judgment/akn_ke_judgment_kehc_2023_23189_eng@2023-10-06.json
619,ke/judgment/kehc/2023/512,Muriungi v Republic (Criminal Appeal E091 of 2022) [2023] KEHC 512 (KLR) (2 February 2023) (Judgment),High Court,Sexual Offences Act s.5 (Sexual assault),read_down,partial,"In criminal law, where there is an ambiguity in phraseology of sentencing the accused is entitled to the benefit of the least severe of the prescribed punishments for an offence",5(2),"In this case, however, the relevant provisions use the phrases “shall be liable” and “not less than” in the same breath. As a result, the two provisions suffer from the malady of poor legal draftsmanship since the two phrases imply, in legal terms, diametrically opposed positions. In criminal law, where there is an ambiguity in phraseology of sentencing the accused is entitled to the benefit of the least severe of the prescribed punishments for an offence",16,parsed/judgment/akn_ke_judgment_kehc_2023_512_eng@2023-02-02.json
622,ke/judgment/kehc/2024/1173,Ramadhan & 8 others v General & another (Petition 5 of 2022 & Constitutional Petition 6 of 2022 (Consolidated)) [2024] KEHC 1173 (KLR) (6 February 2024) (Judgment),High Court,Penal Code s.296 (Punishment of robbery),declared_unconstitutional,partial,the mandatory nature of the death penalty as provided for under Section 296(2) and 279(2) of the Penal Code is unconstitutional,296(2),A declaration be and is hereby made that the mandatory nature of the death penalty as provided for under Section 296(2) and 279(2) of the Penal Code is unconstitutional.,49,parsed/judgment/akn_ke_judgment_kehc_2024_1173_eng@2024-02-06.json
623,ke/judgment/kehc/2024/1173,Ramadhan & 8 others v General & another (Petition 5 of 2022 & Constitutional Petition 6 of 2022 (Consolidated)) [2024] KEHC 1173 (KLR) (6 February 2024) (Judgment),High Court,Penal Code s.297 (Attempted robbery),declared_unconstitutional,partial,the mandatory nature of the death penalty as provided for under Section 296(2) and 279(2) of the Penal Code is unconstitutional,297(2),It is in the light of the foregoing that I find merit in the contention by the petitioners that the mandatory nature of the death sentences provided for in Sections 296(2) and 297(2) of the Penal Code is unconstitutional.,40,parsed/judgment/akn_ke_judgment_kehc_2024_1173_eng@2024-02-06.json
628,ke/judgment/kehc/2024/2890,Katiba Institute & 8 others v Director of Public Prosecutions & 2 others; Ayika (Interested Party) (Petition E016 of 2023) [2024] KEHC 2890 (KLR) (18 March 2024) (Judgment),High Court,Penal Code s.77 (Subversive activities),declared_unconstitutional,partial,"section 77(1) and (3)(a), (b), (c), (d), (e), (f), and (g) of the Penal Code , cap 63 is unconstitutional","77(1) and (3)(a), (b), (c), (d), (e), (f), and (g)","A declaration is hereby issued that, section 77(1) and (3)(a), (b), (c), (d), (e), (f), and (g) of the Penal Code , cap 63 is unconstitutional;",140,parsed/judgment/akn_ke_judgment_kehc_2024_2890_eng@2024-03-18.json
629,ke/judgment/kehc/2024/15773,Majimbo v Republic (Criminal Appeal E057 of 2023) [2024] KEHC 15773 (KLR) (2 December 2024) (Judgment),High Court,Sexual Offences Act s.8 (Defilement),upheld,partial,The minimum mandatory sentence as provided for in the Sexual Offences act is therefore well within the ambits of the constitution,8(3),"The decision of the Supreme Court did not extend the minimum mandatory sentence contemplated in the Sexual Offences Act . The minimum mandatory sentence as provided for in the Sexual Offences act is therefore well within the ambits of the constitution , unless the Supreme Court makes a decision to the contrary.",54,parsed/judgment/akn_ke_judgment_kehc_2024_15773_eng@2024-12-02.json
630,ke/judgment/kehc/2024/9570,Ludunde v Republic (Criminal Appeal E057 of 2021) [2024] KEHC 9570 (KLR) (25 July 2024) (Judgment),High Court,Sexual Offences Act s.8 (Defilement),upheld,total,,,"For clarity, unless and until Section 8 of the Sexual Offences Act is specifically declared unconstitutional, upon a proper consideration arising from a matter filed in an appropriate forum, it remains good law.",51,parsed/judgment/akn_ke_judgment_kehc_2024_9570_eng@2024-07-25.json
632,ke/judgment/kehc/2025/6,Kenya National Commission on Human Rights & 2 others v Attorney General; Director of Public Prosecutions & 3 others (Interested Parties); Law Society of Kenya (Amicus Curiae) (Constitutional Petition E045 of 2022) [2025] KEHC 6 (KLR) (Constitutional and Human Rights) (9 January 2025) (Judgment),High Court,Penal Code s.226 (Attempting suicide),declared_unconstitutional,total,,,"A declaration is hereby made that Section 226 of the Penal Code is unconstitutional for violating Articles 27, 28 and 43 of Constitution .",93,parsed/judgment/akn_ke_judgment_kehc_2025_6_eng@2025-01-09.json
636,ke/judgment/kehc/2026/290,Gathaiya v Attorney General & 2 others; & 176 Interested Parties (Petition E008 & E010 of 2024 (Consolidated)) [2026] KEHC 290 (KLR) (22 January 2026) (Judgment),High Court,Civil Procedure Act s.40 (Arrest and detention),upheld,total,,,We have found that arrest and committal under the Civil Procedure Act in itself is not unconstitutional or unlawful.,84,parsed/judgment/akn_ke_judgment_kehc_2026_290_eng@2026-01-22.json
