judgment_id,cand,section_ref,act_ref,status,note
ke/judgment/kesc/2017/37,0,50,Constitution of Kenya,verified,
ke/judgment/kesc/2017/37,1,25,Constitution of Kenya,verified,
ke/judgment/kesc/2017/37,2,24,Supreme Court Act,verified,
ke/judgment/kesc/2017/37,2,31,Supreme Court Act,verified,
ke/judgment/kesc/2017/37,3,25,Constitution of Kenya,verified,
ke/judgment/kesc/2017/37,3,50,Constitution of Kenya,verified,
ke/judgment/kesc/2017/37,4,24,Supreme Court Act,verified,
ke/judgment/kesc/2017/37,4,31,Supreme Court Act,verified,
ke/judgment/kesc/2022/39,0,95,Constitution of Kenya,verified,
ke/judgment/kesc/2022/39,1,95,Constitution of Kenya,verified,
ke/judgment/kesc/2022/39,2,1(4),Constitution of Kenya,verified,
ke/judgment/kesc/2022/39,3,179(1),Constitution of Kenya,verified,
ke/judgment/kesc/2022/39,4,22(1),Constituencies Development Fund Act,verified,
ke/judgment/kesc/2022/39,5,186(1),Constitution of Kenya,verified,
ke/judgment/kesc/2022/39,6,22,Constituencies Development Fund Act,verified,
ke/judgment/kesc/2022/39,7,3,Constituencies Development Fund Act,verified,
ke/judgment/kesc/2022/39,8,187(1),Constitution of Kenya,verified,
ke/judgment/kesc/2022/39,9,187(1),Constitution of Kenya,verified,
ke/judgment/kesc/2022/39,10,1(4),Constitution of Kenya,verified,
ke/judgment/kesc/2022/39,11,1(3)(b),Constitution of Kenya,verified,
ke/judgment/kesc/2022/39,12,202(1),Constitution of Kenya,verified,
ke/judgment/kesc/2022/39,13,202(1),Constitution of Kenya,verified,
ke/judgment/kesc/2022/39,13,218(1)(a),Constitution of Kenya,verified,
ke/judgment/kesc/2022/39,14,218(1)(a),Constitution of Kenya,verified,
ke/judgment/kesc/2022/39,15,202(1),Constitution of Kenya,verified,
ke/judgment/kesc/2022/39,16,218(1)(a),Constitution of Kenya,verified,
ke/judgment/kesc/2022/39,17,4,Constituencies Development Fund Act,verified,
ke/judgment/kesc/2022/39,18,202(1),Constitution of Kenya,verified,
ke/judgment/kesc/2022/39,19,201,Constitution of Kenya,verified,
ke/judgment/kesc/2022/39,20,206(2)(c),Constitution of Kenya,verified,
ke/judgment/kesc/2022/39,21,10,Constituencies Development Fund Act,verified,
ke/judgment/kesc/2022/39,22,201(d),Constitution of Kenya,verified,
ke/judgment/kesc/2022/39,23,1(3),Constitution of Kenya,verified,
ke/judgment/kesc/2022/39,24,10,Constitution of Kenya,verified,
ke/judgment/kesc/2022/39,25,22(3)(c),Constituencies Development Fund Act,verified,
ke/judgment/kesc/2022/39,26,24(3)(f),Constituencies Development Fund Act,verified,
ke/judgment/kesc/2022/39,27,259(1)(a),Constitution of Kenya,verified,"verifier proposed splitting sub-provisions of one section into rows; declined (one row per section, see README)"
ke/judgment/kesc/2022/39,28,3,Constituencies Development Fund Act,verified,
ke/judgment/kesc/2022/39,28,4,Constituencies Development Fund Act,verified,
ke/judgment/kesc/2022/39,28,10,Constituencies Development Fund Act,verified,
ke/judgment/kesc/2022/39,28,22,Constituencies Development Fund Act,verified,
ke/judgment/kesc/2022/39,28,24(3)(c),Constituencies Development Fund Act,verified,
ke/judgment/kesc/2022/39,28,24(3)(f),Constituencies Development Fund Act,verified,
ke/judgment/kesc/2022/39,28,28,Constituencies Development Fund Act,verified,
ke/judgment/kesc/2022/39,28,29,Constituencies Development Fund Act,verified,
ke/judgment/kesc/2022/39,28,30,Constituencies Development Fund Act,verified,
ke/judgment/kesc/2022/39,28,37(1)(a),Constituencies Development Fund Act,verified,
ke/judgment/kesc/2022/39,29,2,Constituency Development Fund (Amendment) Act,verified,
ke/judgment/kesc/2022/39,29,4,Constituency Development Fund (Amendment) Act,verified,
ke/judgment/kesc/2022/39,30,1,Constitution of Kenya,verified,
ke/judgment/kesc/2022/39,30,2,Constitution of Kenya,verified,
ke/judgment/kesc/2022/39,30,6(2),Constitution of Kenya,verified,
ke/judgment/kesc/2022/39,30,10(1)(a)(2)(c),Constitution of Kenya,verified,
ke/judgment/kesc/2022/39,30,23,Constitution of Kenya,verified,
ke/judgment/kesc/2022/39,30,93(3),Constitution of Kenya,verified,
ke/judgment/kesc/2022/39,30,94,Constitution of Kenya,verified,
ke/judgment/kesc/2022/39,30,94(1)(4),Constitution of Kenya,verified,
ke/judgment/kesc/2022/39,30,95,Constitution of Kenya,verified,
ke/judgment/kesc/2022/39,30,96(1)(2)(3),Constitution of Kenya,verified,
ke/judgment/kesc/2022/39,30,109(3)(4),Constitution of Kenya,verified,
ke/judgment/kesc/2022/39,30,110(1)(3),Constitution of Kenya,verified,
ke/judgment/kesc/2022/39,30,114(3),Constitution of Kenya,verified,
ke/judgment/kesc/2022/39,30,163(4)(a),Constitution of Kenya,verified,
ke/judgment/kesc/2022/39,30,165(3),Constitution of Kenya,verified,
ke/judgment/kesc/2022/39,30,174,Constitution of Kenya,verified,
ke/judgment/kesc/2022/39,30,175,Constitution of Kenya,verified,
ke/judgment/kesc/2022/39,30,176(1),Constitution of Kenya,verified,
ke/judgment/kesc/2022/39,30,179(1),Constitution of Kenya,verified,
ke/judgment/kesc/2022/39,30,183(3),Constitution of Kenya,verified,
ke/judgment/kesc/2022/39,30,185(1),Constitution of Kenya,verified,
ke/judgment/kesc/2022/39,30,186,Constitution of Kenya,verified,
ke/judgment/kesc/2022/39,30,187(1),Constitution of Kenya,verified,
ke/judgment/kesc/2022/39,30,189(1)(a)(3)(4),Constitution of Kenya,verified,
ke/judgment/kesc/2022/39,30,191,Constitution of Kenya,verified,
ke/judgment/kesc/2022/39,30,201,Constitution of Kenya,verified,
ke/judgment/kesc/2022/39,30,202(1)(2),Constitution of Kenya,verified,
ke/judgment/kesc/2022/39,30,203,Constitution of Kenya,verified,
ke/judgment/kesc/2022/39,30,204(3)(b),Constitution of Kenya,verified,
ke/judgment/kesc/2022/39,30,205,Constitution of Kenya,verified,
ke/judgment/kesc/2022/39,30,206(1)(2),Constitution of Kenya,verified,
ke/judgment/kesc/2022/39,30,218(1)(a),Constitution of Kenya,verified,
ke/judgment/kesc/2022/39,30,258,Constitution of Kenya,verified,
ke/judgment/kesc/2022/39,30,259(1)(a)(d),Constitution of Kenya,verified,
ke/judgment/kesc/2022/39,31,54,County Governments Act,corrected,was 'County Government Act': 'County Government Act (cap 265)' is the County Governments Act; kesc/2024/41 c33 already normalises the same misnaming to County Governments Act
ke/judgment/kesc/2022/39,32,7,Intergovernmental Relations Act,verified,
ke/judgment/kesc/2022/39,32,31,Intergovernmental Relations Act,verified,
ke/judgment/kesc/2022/39,33,25,Interpretation and General Provisions Act,verified,
ke/judgment/kesc/2022/39,34,3,National Government Constituency Development Fund Act,verified,
ke/judgment/kesc/2022/39,34,4,National Government Constituency Development Fund Act,verified,
ke/judgment/kesc/2022/39,34,53,National Government Constituency Development Fund Act,verified,
ke/judgment/kesc/2022/39,35,187(1),Public Finance Management Act,verified,
ke/judgment/kesc/2022/39,36,15(2),Supreme Court Act,verified,
ke/judgment/kesc/2022/39,37,163(4)(a),Constitution of Kenya,verified,
ke/judgment/kesc/2022/39,38,15(2),Supreme Court Act,verified,
ke/judgment/kesc/2022/39,39,-,,verified,
ke/judgment/kesc/2025/40,0,159(2)(d),Constitution of Kenya,verified,
ke/judgment/kesc/2025/40,1,159(2)(d),Constitution of Kenya,verified,
ke/judgment/kesc/2025/40,2,159,Constitution of Kenya,verified,
ke/judgment/kesc/2025/40,3,3,Supreme Court Act,verified,
ke/judgment/kesc/2025/40,3,3A,Supreme Court Act,verified,
ke/judgment/kesc/2025/40,3,21(2),Supreme Court Act,verified,
ke/judgment/kesc/2025/40,3,23,Supreme Court Act,verified,
ke/judgment/kesc/2025/40,4,3A,Supreme Court Act,verified,
ke/judgment/kesc/2025/40,4,21(2),Supreme Court Act,verified,
ke/judgment/kesc/2025/40,5,159,Constitution of Kenya,verified,
ke/judgment/kesc/2025/40,6,3,Supreme Court Act,verified,
ke/judgment/kesc/2025/40,6,3A,Supreme Court Act,verified,
ke/judgment/kesc/2025/40,6,23,Supreme Court Act,verified,
ke/judgment/kesc/2025/40,7,159(2)(d),Constitution of Kenya,verified,
ke/judgment/kesc/2025/40,8,159(2)(d),Constitution of Kenya,verified,
ke/judgment/kesc/2025/40,9,159(2)(d),Constitution of Kenya,verified,
ke/judgment/kesc/2025/55,0,48,Constitution of Kenya,verified,
ke/judgment/kesc/2025/55,0,50(1),Constitution of Kenya,verified,
ke/judgment/kesc/2025/55,1,3,Supreme Court Act,verified,
ke/judgment/kesc/2025/55,1,3A,Supreme Court Act,verified,
ke/judgment/kesc/2025/55,1,21,Supreme Court Act,verified,
ke/judgment/kesc/2025/55,1,23A,Supreme Court Act,verified,
ke/judgment/kesc/2025/55,2,49,Retirement Benefits Act,verified,
ke/judgment/kesc/2025/55,3,25,Constitution of Kenya,verified,"verifier proposed splitting sub-provisions of one section into rows; declined (one row per section, see README)"
ke/judgment/kesc/2025/55,3,47,Constitution of Kenya,verified,"verifier proposed splitting sub-provisions of one section into rows; declined (one row per section, see README)"
ke/judgment/kesc/2025/55,3,50,Constitution of Kenya,verified,"verifier proposed splitting sub-provisions of one section into rows; declined (one row per section, see README)"
ke/judgment/kesc/2025/55,3,165(6),Constitution of Kenya,verified,"verifier proposed splitting sub-provisions of one section into rows; declined (one row per section, see README)"
ke/judgment/kesc/2025/55,3,169(2),Constitution of Kenya,verified,"verifier proposed splitting sub-provisions of one section into rows; declined (one row per section, see README)"
ke/judgment/kesc/2025/55,4,11,Fair Administrative Action Act,verified,
ke/judgment/kesc/2025/55,5,163(4)(a),Constitution of Kenya,verified,
ke/judgment/kesc/2025/55,6,23A,Supreme Court Act,verified,
ke/judgment/kesc/2025/55,7,49,Retirement Benefits Act,verified,
ke/judgment/kesc/2025/55,8,163(4)(a),Constitution of Kenya,verified,
ke/judgment/kesc/2025/55,9,48,Retirement Benefits Act,verified,
ke/judgment/kesc/2025/55,9,49,Retirement Benefits Act,verified,
ke/judgment/kesc/2025/55,10,163(4)(a),Constitution of Kenya,verified,
ke/judgment/kesc/2025/55,11,25,Constitution of Kenya,verified,
ke/judgment/kesc/2025/55,11,47,Constitution of Kenya,verified,
ke/judgment/kesc/2025/55,11,50,Constitution of Kenya,verified,
ke/judgment/kesc/2025/55,11,165(6)(7),Constitution of Kenya,verified,
ke/judgment/kesc/2025/55,11,169(2),Constitution of Kenya,verified,
ke/judgment/kesc/2017/16,0,165(6),Constitution of Kenya,verified,
ke/judgment/kesc/2017/16,1,1(3),Constitution of Kenya,verified,
ke/judgment/kesc/2017/16,1,117,Constitution of Kenya,verified,
ke/judgment/kesc/2017/16,2,178(2)(b),Constitution of Kenya,verified,
ke/judgment/kesc/2017/16,3,9(4),County Governments Act,verified,
ke/judgment/kesc/2017/16,4,162(2)(a),Constitution of Kenya,verified,
ke/judgment/kesc/2017/16,5,12,Industrial Court Act,verified,
ke/judgment/kesc/2017/16,6,28,Constitution of Kenya,verified,
ke/judgment/kesc/2017/16,6,41,Constitution of Kenya,verified,
ke/judgment/kesc/2017/16,6,47,Constitution of Kenya,verified,
ke/judgment/kesc/2017/16,6,50,Constitution of Kenya,verified,
ke/judgment/kesc/2017/16,6,178(3),Constitution of Kenya,verified,
ke/judgment/kesc/2017/16,7,12,National Assemblies (Powers and Privileges) Act,verified,
ke/judgment/kesc/2017/16,7,29,National Assemblies (Powers and Privileges) Act,verified,
ke/judgment/kesc/2017/16,8,22,Constitution of Kenya,verified,
ke/judgment/kesc/2017/16,8,23,Constitution of Kenya,verified,
ke/judgment/kesc/2017/16,9,25(c),Constitution of Kenya,verified,
ke/judgment/kesc/2017/16,9,50(1),Constitution of Kenya,verified,
ke/judgment/kesc/2017/16,10,-,,verified,
ke/judgment/kesc/2017/16,11,-,,verified,
ke/judgment/kesc/2017/16,12,3,Supreme Court Act,verified,
ke/judgment/kesc/2017/16,13,3A,Appellate Jurisdiction Act,verified,
ke/judgment/kesc/2017/16,13,3B,Appellate Jurisdiction Act,verified,
ke/judgment/kesc/2017/16,14,163(8),Constitution of Kenya,verified,
ke/judgment/kesc/2017/16,15,-,,verified,
ke/judgment/kesc/2019/64,0,163(4)(b),Constitution of Kenya,verified,
ke/judgment/kesc/2019/64,1,163(4)(a),Constitution of Kenya,verified,
ke/judgment/kesc/2019/64,2,163(4)(a),Constitution of Kenya,verified,
ke/judgment/kesc/2019/64,3,85A,Elections Act,verified,
ke/judgment/kesc/2019/64,4,163(4)(a),Constitution of Kenya,verified,
ke/judgment/kesc/2019/64,5,163(4)(a),Constitution of Kenya,verified,
ke/judgment/kesc/2019/64,6,163(4)(a),Constitution of Kenya,verified,
ke/judgment/kesc/2019/64,7,163(4)(a),Constitution of Kenya,verified,
ke/judgment/kesc/2019/64,8,163(4)(a),Constitution of Kenya,verified,
ke/judgment/kesc/2019/64,9,163(4)(a),Constitution of Kenya,verified,
ke/judgment/kesc/2019/64,10,163(4)(a),Constitution of Kenya,verified,
ke/judgment/kesc/2019/64,11,163(4)(a),Constitution of Kenya,verified,
ke/judgment/kesc/2019/64,12,163(4)(a),Constitution of Kenya,verified,
ke/judgment/kesc/2019/64,13,163(4)(a),Constitution of Kenya,verified,
ke/judgment/kesc/2019/64,14,163(4)(a),Constitution of Kenya,verified,
ke/judgment/kesc/2019/64,15,163(4)(a),Constitution of Kenya,verified,
ke/judgment/kesc/2019/64,16,48,Constitution of Kenya,verified,
ke/judgment/kesc/2019/64,16,50,Constitution of Kenya,verified,
ke/judgment/kesc/2019/64,17,159(2)(d),Constitution of Kenya,verified,
ke/judgment/kesc/2019/64,18,163(4)(a),Constitution of Kenya,verified,
ke/judgment/kesc/2019/64,19,159(2)(d),Constitution of Kenya,verified,
ke/judgment/kesc/2019/64,20,159(2)(d),Constitution of Kenya,verified,
ke/judgment/kesc/2019/64,21,163(4)(a),Constitution of Kenya,verified,
ke/judgment/kesc/2019/64,22,159(2)(d),Constitution of Kenya,verified,
ke/judgment/kesc/2019/64,23,159(2)(d),Constitution of Kenya,verified,
ke/judgment/kesc/2019/64,24,159(2)(d),Constitution of Kenya,verified,
ke/judgment/kesc/2019/64,25,159(2)(d),Constitution of Kenya,verified,
ke/judgment/kesc/2019/64,26,25,Constitution of Kenya,verified,
ke/judgment/kesc/2019/64,26,38,Constitution of Kenya,verified,
ke/judgment/kesc/2019/64,26,50,Constitution of Kenya,verified,
ke/judgment/kesc/2019/64,27,159(2)(d),Constitution of Kenya,verified,
ke/judgment/kesc/2019/64,28,159(2)(d),Constitution of Kenya,verified,
ke/judgment/kesc/2019/64,29,163(4)(a),Constitution of Kenya,verified,
ke/judgment/kesc/2019/64,30,163(4)(a),Constitution of Kenya,verified,
ke/judgment/kesc/2019/64,31,48,Constitution of Kenya,verified,
ke/judgment/kesc/2019/64,32,25,Constitution of Kenya,verified,
ke/judgment/kesc/2019/64,32,50,Constitution of Kenya,verified,
ke/judgment/kesc/2019/64,33,25,Constitution of Kenya,verified,
ke/judgment/kesc/2019/64,33,50,Constitution of Kenya,verified,
ke/judgment/kesc/2019/64,34,163(4)(a),Constitution of Kenya,verified,
ke/judgment/kesc/2019/64,35,-,,verified,
ke/judgment/kesc/2019/64,36,163(4)(a),Constitution of Kenya,verified,
ke/judgment/kesc/2019/64,37,163(4)(a),Constitution of Kenya,verified,
ke/judgment/kesc/2019/64,38,159(2)(d),Constitution of Kenya,verified,
ke/judgment/kesc/2019/64,39,163(4)(a),Constitution of Kenya,verified,
ke/judgment/kesc/2024/2,0,3A,Supreme Court Act,verified,"verifier proposed splitting sub-provisions of one section into rows; declined (one row per section, see README)"
ke/judgment/kesc/2024/2,0,10(2),Supreme Court Act,verified,"verifier proposed splitting sub-provisions of one section into rows; declined (one row per section, see README)"
ke/judgment/kesc/2024/2,0,21(2)(4),Supreme Court Act,verified,"verifier proposed splitting sub-provisions of one section into rows; declined (one row per section, see README)"
ke/judgment/kesc/2024/2,0,21A(a),Supreme Court Act,verified,"verifier proposed splitting sub-provisions of one section into rows; declined (one row per section, see README)"
ke/judgment/kesc/2024/2,0,23(2)(e),Supreme Court Act,verified,"verifier proposed splitting sub-provisions of one section into rows; declined (one row per section, see README)"
ke/judgment/kesc/2024/2,1,3A,Supreme Court Act,verified,"verifier proposed splitting sub-provisions of one section into rows; declined (one row per section, see README)"
ke/judgment/kesc/2024/2,1,10(2),Supreme Court Act,verified,"verifier proposed splitting sub-provisions of one section into rows; declined (one row per section, see README)"
ke/judgment/kesc/2024/2,1,21(2),Supreme Court Act,verified,"verifier proposed splitting sub-provisions of one section into rows; declined (one row per section, see README)"
ke/judgment/kesc/2024/2,1,21A(a),Supreme Court Act,verified,"verifier proposed splitting sub-provisions of one section into rows; declined (one row per section, see README)"
ke/judgment/kesc/2024/2,1,23(2)(e),Supreme Court Act,verified,"verifier proposed splitting sub-provisions of one section into rows; declined (one row per section, see README)"
ke/judgment/kesc/2026/28,0,48,Constitution of Kenya,verified,
ke/judgment/kesc/2026/28,1,169,Constitution of Kenya,verified,
ke/judgment/kesc/2026/28,2,21(1),Constitution of Kenya,verified,
ke/judgment/kesc/2026/28,3,169(2),Constitution of Kenya,verified,
ke/judgment/kesc/2026/28,4,169(2),Constitution of Kenya,verified,
ke/judgment/kesc/2026/28,5,261,Constitution of Kenya,verified,
ke/judgment/kesc/2026/28,6,169(2),Constitution of Kenya,verified,
ke/judgment/kesc/2026/28,7,259(8),Constitution of Kenya,verified,
ke/judgment/kesc/2026/28,8,48,Constitution of Kenya,verified,
ke/judgment/kesc/2026/28,9,169(2),Constitution of Kenya,verified,
ke/judgment/kesc/2026/28,10,48,Constitution of Kenya,verified,
ke/judgment/kesc/2026/28,10,169(2),Constitution of Kenya,verified,
ke/judgment/kesc/2026/28,11,169(1)(d),Constitution of Kenya,verified,
ke/judgment/kesc/2026/28,12,169(1)(d),Constitution of Kenya,verified,
ke/judgment/kesc/2026/28,13,169(1),Constitution of Kenya,verified,
ke/judgment/kesc/2026/28,14,169(1)(d),Constitution of Kenya,verified,
ke/judgment/kesc/2026/28,15,169(1)(d),Constitution of Kenya,verified,
ke/judgment/kesc/2026/28,16,169(1),Constitution of Kenya,verified,
ke/judgment/kesc/2026/28,17,169(1)(d),Constitution of Kenya,verified,
ke/judgment/kesc/2026/28,18,169(1)(d),Constitution of Kenya,verified,
ke/judgment/kesc/2026/28,19,169(1)(d),Constitution of Kenya,verified,
ke/judgment/kesc/2026/28,20,169(1)(d),Constitution of Kenya,verified,
ke/judgment/kesc/2026/28,21,169(1)(d),Constitution of Kenya,verified,
ke/judgment/kesc/2026/28,22,169(1)(d),Constitution of Kenya,verified,
ke/judgment/kesc/2026/28,23,169(1)(d),Constitution of Kenya,verified,
ke/judgment/kesc/2026/28,24,169(1)(d),Constitution of Kenya,verified,
ke/judgment/kesc/2026/28,25,169(1),Constitution of Kenya,verified,
ke/judgment/kesc/2026/28,26,162(2),Constitution of Kenya,verified,
ke/judgment/kesc/2026/28,27,169(1),Constitution of Kenya,verified,
ke/judgment/kesc/2026/28,28,169(1)(d),Constitution of Kenya,verified,
ke/judgment/kesc/2026/28,29,169(1)(d),Constitution of Kenya,verified,
ke/judgment/kesc/2026/28,30,169(1)(d),Constitution of Kenya,verified,
ke/judgment/kesc/2026/28,31,169(1)(d),Constitution of Kenya,verified,
ke/judgment/kesc/2026/28,32,-,,verified,
ke/judgment/kesc/2026/28,33,-,,verified,
ke/judgment/kesc/2026/28,34,169(1)(d),Constitution of Kenya,verified,
ke/judgment/kesc/2026/28,35,169(2),Constitution of Kenya,verified,
ke/judgment/kesc/2026/28,36,23(3),Constitution of Kenya,verified,
ke/judgment/kesc/2026/28,37,169(2),Constitution of Kenya,verified,
ke/judgment/kesc/2026/28,38,48,Constitution of Kenya,verified,
ke/judgment/kesc/2026/28,39,169(1)(d),Constitution of Kenya,verified,
ke/judgment/kesc/2025/27,0,40,Constitution of Kenya,verified,
ke/judgment/kesc/2025/27,1,-,,verified,
ke/judgment/kesc/2025/27,2,50,Constitution of Kenya,verified,
ke/judgment/kesc/2025/27,3,-,,verified,
ke/judgment/kesc/2025/27,4,-,,verified,
ke/judgment/kesc/2025/27,5,165(3),Constitution of Kenya,verified,
ke/judgment/kesc/2025/27,6,-,,verified,
ke/judgment/kesc/2025/27,7,163(4)(a),Constitution of Kenya,verified,
ke/judgment/kesc/2025/27,8,163(4)(b),Constitution of Kenya,verified,
ke/judgment/kesc/2025/27,9,50,Constitution of Kenya,verified,
ke/judgment/kesc/2025/27,10,163(4)(a),Constitution of Kenya,verified,
ke/judgment/kesc/2025/27,11,2,Constitution of Kenya,verified,
ke/judgment/kesc/2025/27,11,3,Constitution of Kenya,verified,
ke/judgment/kesc/2025/27,11,10,Constitution of Kenya,verified,
ke/judgment/kesc/2025/27,11,19,Constitution of Kenya,verified,
ke/judgment/kesc/2025/27,11,22,Constitution of Kenya,verified,
ke/judgment/kesc/2025/27,11,24,Constitution of Kenya,verified,
ke/judgment/kesc/2025/27,11,27,Constitution of Kenya,verified,
ke/judgment/kesc/2025/27,11,40,Constitution of Kenya,verified,
ke/judgment/kesc/2025/27,11,47,Constitution of Kenya,verified,
ke/judgment/kesc/2025/27,11,50,Constitution of Kenya,verified,
ke/judgment/kesc/2025/27,11,159,Constitution of Kenya,verified,
ke/judgment/kesc/2025/27,12,-,,verified,
ke/judgment/kesc/2025/27,13,40,Constitution of Kenya,verified,
ke/judgment/kesc/2025/27,14,-,,verified,
ke/judgment/kesc/2025/27,15,10,Constitution of Kenya,verified,
ke/judgment/kesc/2025/27,15,47,Constitution of Kenya,verified,
ke/judgment/kesc/2025/27,15,50,Constitution of Kenya,verified,
ke/judgment/kesc/2025/27,16,163(4)(a),Constitution of Kenya,verified,
ke/judgment/kesc/2025/27,17,40,Constitution of Kenya,verified,
ke/judgment/kesc/2025/27,18,40,Constitution of Kenya,verified,
ke/judgment/kesc/2025/27,19,50,Constitution of Kenya,verified,
ke/judgment/kesc/2025/27,20,40,Constitution of Kenya,verified,
ke/judgment/kesc/2025/27,21,163(4)(a),Constitution of Kenya,verified,
ke/judgment/kesc/2025/27,22,163(4)(a),Constitution of Kenya,verified,
ke/judgment/kesc/2025/27,23,163(4)(a),Constitution of Kenya,verified,
ke/judgment/kesc/2025/27,24,40,Constitution of Kenya,verified,
ke/judgment/kesc/2025/27,25,50,Constitution of Kenya,verified,
ke/judgment/kesc/2025/27,26,40,Constitution of Kenya,verified,
ke/judgment/kesc/2025/27,27,50,Constitution of Kenya,verified,
ke/judgment/kesc/2025/27,28,-,,verified,
ke/judgment/kesc/2025/27,29,-,,verified,
ke/judgment/kesc/2025/27,30,165,Constitution of Kenya,verified,
ke/judgment/kesc/2025/27,31,11,High Court (Organization and Administration) Act,verified,
ke/judgment/kesc/2025/27,32,165,Constitution of Kenya,verified,
ke/judgment/kesc/2025/27,33,40,Constitution of Kenya,verified,
ke/judgment/kesc/2025/27,34,-,,verified,
ke/judgment/kesc/2025/27,35,-,,verified,
ke/judgment/kesc/2025/27,36,20(3),Constitution of Kenya,verified,
ke/judgment/kesc/2025/27,37,20(3),Constitution of Kenya,verified,
ke/judgment/kesc/2025/27,38,20(3)(a),Constitution of Kenya,verified,"verifier proposed splitting sub-provisions of one section into rows; declined (one row per section, see README)"
ke/judgment/kesc/2025/27,39,40,Constitution of Kenya,verified,
ke/judgment/kesc/2024/41,0,23A,Supreme Court Act,verified,
ke/judgment/kesc/2024/41,1,38(3)(c),Constitution of Kenya,verified,
ke/judgment/kesc/2024/41,1,75,Constitution of Kenya,verified,
ke/judgment/kesc/2024/41,1,87,Constitution of Kenya,verified,
ke/judgment/kesc/2024/41,1,159(2)(c),Constitution of Kenya,verified,
ke/judgment/kesc/2024/41,1,163(4)(a),Constitution of Kenya,verified,
ke/judgment/kesc/2024/41,1,178(1)(3),Constitution of Kenya,verified,
ke/judgment/kesc/2024/41,1,193(1)(b),Constitution of Kenya,verified,
ke/judgment/kesc/2024/41,1,200(2),Constitution of Kenya,verified,
ke/judgment/kesc/2024/41,2,7(1)(b),County Governments Act,verified,
ke/judgment/kesc/2024/41,2,9A,County Governments Act,verified,
ke/judgment/kesc/2024/41,3,7A,Elections Act,verified,
ke/judgment/kesc/2024/41,3,21(1),Elections Act,verified,
ke/judgment/kesc/2024/41,4,3,Supreme Court Act,verified,
ke/judgment/kesc/2024/41,4,3A,Supreme Court Act,verified,
ke/judgment/kesc/2024/41,4,20(2),Supreme Court Act,verified,
ke/judgment/kesc/2024/41,4,21(1)(A),Supreme Court Act,verified,
ke/judgment/kesc/2024/41,4,22,Supreme Court Act,verified,
ke/judgment/kesc/2024/41,4,23A,Supreme Court Act,verified,
ke/judgment/kesc/2024/41,4,24,Supreme Court Act,verified,
ke/judgment/kesc/2024/41,4,29C(1),Supreme Court Act,verified,
ke/judgment/kesc/2024/41,5,163(4)(a),Constitution of Kenya,verified,
ke/judgment/kesc/2024/41,6,3,Supreme Court Act,verified,
ke/judgment/kesc/2024/41,6,3A,Supreme Court Act,verified,
ke/judgment/kesc/2024/41,6,21(1)(A),Supreme Court Act,verified,
ke/judgment/kesc/2024/41,6,23A,Supreme Court Act,verified,
ke/judgment/kesc/2024/41,6,24,Supreme Court Act,verified,
ke/judgment/kesc/2024/41,7,178(1),Constitution of Kenya,verified,
ke/judgment/kesc/2024/41,8,21(1),Elections Act,verified,
ke/judgment/kesc/2024/41,9,178(1),Constitution of Kenya,verified,
ke/judgment/kesc/2024/41,10,7(1)(b),County Governments Act,verified,
ke/judgment/kesc/2024/41,10,9A,County Governments Act,verified,
ke/judgment/kesc/2024/41,11,178(1),Constitution of Kenya,verified,
ke/judgment/kesc/2024/41,12,21(1),Elections Act,verified,
ke/judgment/kesc/2024/41,13,9A,County Governments Act,verified,
ke/judgment/kesc/2024/41,14,178(1),Constitution of Kenya,verified,
ke/judgment/kesc/2024/41,15,178(3),Constitution of Kenya,verified,
ke/judgment/kesc/2024/41,15,200(2)(c),Constitution of Kenya,verified,
ke/judgment/kesc/2024/41,16,87,Constitution of Kenya,verified,
ke/judgment/kesc/2024/41,17,75,Elections Act,verified,
ke/judgment/kesc/2024/41,18,7A,Elections Act,verified,
ke/judgment/kesc/2024/41,18,21,Elections Act,verified,
ke/judgment/kesc/2024/41,19,193(1)(b),Constitution of Kenya,verified,
ke/judgment/kesc/2024/41,20,22,Supreme Court Act,verified,
ke/judgment/kesc/2024/41,21,29C(1),Supreme Court Act,verified,
ke/judgment/kesc/2024/41,22,159(2)(c),Constitution of Kenya,verified,
ke/judgment/kesc/2024/41,23,38(3)(c),Constitution of Kenya,verified,
ke/judgment/kesc/2024/41,24,178(2),Constitution of Kenya,verified,
ke/judgment/kesc/2024/41,25,178(2)(b),Constitution of Kenya,verified,
ke/judgment/kesc/2024/41,26,21(1),Elections Act,verified,
ke/judgment/kesc/2024/41,27,9A(1),County Governments Act,verified,
ke/judgment/kesc/2024/41,28,178(3),Constitution of Kenya,verified,
ke/judgment/kesc/2024/41,29,20(2),Supreme Court Act,verified,
ke/judgment/kesc/2024/41,30,23A,Supreme Court Act,verified,
ke/judgment/kesc/2024/41,31,178(3),Constitution of Kenya,verified,
ke/judgment/kesc/2024/41,32,21(5),Elections Act,verified,
ke/judgment/kesc/2024/41,33,11,County Governments Act,verified,
ke/judgment/kesc/2024/41,34,-,,verified,
ke/judgment/keca/2013/401,0,203,Penal Code,verified,
ke/judgment/keca/2013/401,1,204,Penal Code,verified,
ke/judgment/keca/2013/401,2,306,Criminal Procedure Code,verified,
ke/judgment/keca/2013/401,3,201,Criminal Procedure Code,verified,
ke/judgment/keca/2013/401,4,200,Criminal Procedure Code,verified,
ke/judgment/keca/2013/401,5,306,Criminal Procedure Code,verified,
ke/judgment/keca/2013/401,6,-,,verified,
ke/judgment/keca/2013/401,7,111,Evidence Act,verified,
ke/judgment/keca/2013/401,8,111,Evidence Act,verified,
ke/judgment/keca/2013/401,9,-,,verified,
ke/judgment/keca/2013/401,10,-,,verified,
ke/judgment/keca/1977/5,0,3A,Civil Procedure Act,verified,
ke/judgment/keca/2025/5,0,203,Penal Code,verified,
ke/judgment/keca/2025/5,0,204,Penal Code,verified,
ke/judgment/keca/2025/5,1,-,,verified,
ke/judgment/keca/2025/5,2,-,,verified,
ke/judgment/keca/2025/5,3,-,,verified,
ke/judgment/keca/2025/5,4,-,,verified,
ke/judgment/keca/2025/5,5,-,,verified,
ke/judgment/keca/2025/5,6,-,,verified,
ke/judgment/keca/2025/5,7,206(a),Penal Code,verified,"verifier proposed splitting sub-provisions of one section into rows; declined (one row per section, see README)"
ke/judgment/keca/2025/5,8,382,Criminal Procedure Code,verified,
ke/judgment/keca/2025/5,9,203,Penal Code,verified,
ke/judgment/keca/2025/5,10,204,Penal Code,verified,
ke/judgment/keca/2025/5,11,-,,verified,
ke/judgment/keca/2025/5,12,204,Penal Code,verified,
ke/judgment/keca/2025/5,13,333(2),Criminal Procedure Code,verified,
ke/judgment/keca/1997/186,0,75,Civil Procedure Act,verified,
ke/judgment/keca/2015/768,0,296(2),Penal Code,verified,
ke/judgment/keca/2015/768,1,-,,verified,
ke/judgment/keca/2015/768,2,-,,verified,
ke/judgment/keca/2015/768,3,-,,verified,
ke/judgment/keca/2015/768,4,-,,verified,
ke/judgment/keca/2015/768,5,-,,verified,
ke/judgment/keca/2015/768,6,-,,verified,
ke/judgment/keca/2000/141,0,3(1),Prevention of Corruption Act,verified,
ke/judgment/keca/2000/141,1,-,,verified,
ke/judgment/keca/2000/141,2,-,,verified,
ke/judgment/keca/2023/1126,0,80,Civil Procedure Act,verified,
ke/judgment/keca/2023/1126,1,80,Civil Procedure Act,verified,
ke/judgment/keca/1981/1,0,44,Constitution (repealed),verified,
ke/judgment/keca/1981/1,1,3,Civil Procedure Act,verified,
ke/judgment/keca/1981/1,2,60(1),Constitution (repealed),verified,
ke/judgment/keca/1981/1,3,44(5),Constitution (repealed),verified,
ke/judgment/keca/1981/1,4,66,Civil Procedure Act,verified,
ke/judgment/keca/1981/1,5,67,Malaysian Courts of Judicature Act,verified,
ke/judgment/keca/1981/1,6,66,Civil Procedure Act,verified,
ke/judgment/keca/1981/1,7,84,Constitution (repealed),verified,
ke/judgment/keca/1981/1,8,23,National Assembly and Presidential Elections Act,verified,
ke/judgment/keca/1981/1,9,44,Constitution (repealed),verified,
ke/judgment/keca/1981/1,10,27(1),Civil Procedure Act,verified,
ke/judgment/keca/1981/1,11,27(1),Civil Procedure Act,verified,
ke/judgment/keca/1981/1,12,44,Constitution (repealed),verified,
ke/judgment/keca/1981/1,13,44,Constitution (repealed),verified,
ke/judgment/keca/1981/1,14,84(2),Constitution (repealed),verified,
ke/judgment/keca/1981/1,15,44,Constitution (repealed),verified,
ke/judgment/keca/1981/1,16,44,Constitution (repealed),verified,
ke/judgment/keca/1981/1,17,44,Constitution (repealed),verified,
ke/judgment/keca/1981/1,18,44,Constitution (repealed),verified,
ke/judgment/keca/1981/1,19,44,Constitution (repealed),verified,
ke/judgment/keca/1981/1,20,44,Constitution (repealed),verified,
ke/judgment/keca/1981/1,21,66,Civil Procedure Act,verified,
ke/judgment/keca/1981/1,22,44,Constitution (repealed),verified,
ke/judgment/keca/1981/1,23,44,Constitution (repealed),verified,
ke/judgment/keca/1981/1,24,44,Constitution (repealed),verified,
ke/judgment/keca/1981/1,25,44,Constitution (repealed),verified,
ke/judgment/keca/1981/1,26,60(1),Constitution (repealed),verified,
ke/judgment/keca/1981/1,27,3,Judicature Act,verified,
ke/judgment/keca/1981/1,28,44,Constitution (repealed),verified,
ke/judgment/keca/1981/1,29,44,Constitution (repealed),verified,
ke/judgment/keca/1981/1,30,66,Civil Procedure Act,verified,
ke/judgment/keca/1981/1,31,60(1),Constitution (repealed),verified,
ke/judgment/keca/1981/1,32,44(1),Constitution (repealed),verified,
ke/judgment/keca/1981/1,33,60(1),Constitution (repealed),verified,
ke/judgment/keca/1981/1,34,44,Constitution (repealed),verified,
ke/judgment/keca/1981/1,35,44,Constitution (repealed),verified,
ke/judgment/keca/1981/1,36,44,Constitution (repealed),verified,
ke/judgment/keca/1981/1,37,10,Constitution (repealed),verified,
ke/judgment/keca/1981/1,38,44,Constitution (repealed),verified,
ke/judgment/keca/1981/1,39,-,,verified,
ke/judgment/keca/2023/884,0,-,,verified,
ke/judgment/keca/2023/884,1,-,,verified,
ke/judgment/keca/2023/884,2,159(2),Constitution of Kenya,verified,
ke/judgment/keca/2023/884,3,159(2)(d),Constitution of Kenya,verified,
ke/judgment/keca/2023/884,4,159(2)(d),Constitution of Kenya,verified,
ke/judgment/keca/2023/884,5,85A,Elections Act,verified,
ke/judgment/keca/2023/884,6,159(2)(d),Constitution of Kenya,verified,
ke/judgment/keca/2023/884,7,159(2)(d),Constitution of Kenya,verified,
ke/judgment/keca/2023/884,8,159(2)(d),Constitution of Kenya,verified,
ke/judgment/keca/2023/884,9,85A,Elections Act,verified,
ke/judgment/keca/2023/884,10,85A,Elections Act,verified,
ke/judgment/keca/2023/884,11,85A,Elections Act,verified,
ke/judgment/keca/2023/884,12,259(2)(d),Constitution of Kenya,verified,
ke/judgment/keca/2023/884,13,159(2)(d),Constitution of Kenya,verified,
ke/judgment/keca/2023/884,14,159(2)(d),Constitution of Kenya,verified,
ke/judgment/keca/2023/884,15,159,Constitution of Kenya,verified,
ke/judgment/keca/2023/884,16,159(2)(d),Constitution of Kenya,verified,
ke/judgment/keca/2023/884,17,159,Constitution of Kenya,verified,
ke/judgment/kehc/2022/10767,0,22,Constitution of Kenya,verified,
ke/judgment/kehc/2022/10767,0,258,Constitution of Kenya,verified,
ke/judgment/kehc/2022/10767,0,165(2),Constitution of Kenya,verified,
ke/judgment/kehc/2022/10767,0,10,Constitution of Kenya,verified,
ke/judgment/kehc/2022/10767,0,20,Constitution of Kenya,verified,
ke/judgment/kehc/2022/10767,0,21,Constitution of Kenya,verified,
ke/judgment/kehc/2022/10767,0,27,Constitution of Kenya,verified,
ke/judgment/kehc/2022/10767,0,46,Constitution of Kenya,verified,
ke/judgment/kehc/2022/10767,0,232,Constitution of Kenya,verified,
ke/judgment/kehc/2022/10767,0,236,Constitution of Kenya,verified,
ke/judgment/kehc/2022/10767,1,35,Anti-Corruption and Economic Crimes Act,verified,
ke/judgment/kehc/2022/10767,2,28,Ethics and Anti-Corruption Commission Act,verified,
ke/judgment/kehc/2022/10767,3,27,Public Procurement and Disposal of Assets Act,verified,
ke/judgment/kehc/2022/10767,4,-,,verified,
ke/judgment/kehc/2022/10767,5,50,Constitution of Kenya,verified,
ke/judgment/kehc/2022/10767,6,79,Constitution of Kenya,verified,
ke/judgment/kehc/2022/10767,7,28,Ethics and Anti-Corruption Commission Act,verified,
ke/judgment/kehc/2022/10767,8,-,,verified,
ke/judgment/kehc/2022/10767,9,159,Constitution of Kenya,verified,
ke/judgment/kehc/2022/10767,9,165(3),Constitution of Kenya,verified,
ke/judgment/kehc/2022/10767,10,23(3),Constitution of Kenya,verified,
ke/judgment/kehc/2022/10767,11,10,Public Officer Ethics Act,verified,
ke/judgment/kehc/2022/10767,12,7,Leadership and Integrity Act,verified,
ke/judgment/kehc/2022/10767,13,8,Leadership and Integrity Act,verified,
ke/judgment/kehc/2022/10767,14,11,Public Officer Ethics Act,verified,
ke/judgment/kehc/2022/10767,15,12,Leadership and Integrity Act,verified,
ke/judgment/kehc/2022/10767,15,15,Leadership and Integrity Act,verified,
ke/judgment/kehc/2022/10767,16,17,Leadership and Integrity Act,verified,
ke/judgment/kehc/2022/10767,17,12,Public Officer Ethics Act,verified,
ke/judgment/kehc/2022/10767,18,16,Leadership and Integrity Act,verified,
ke/judgment/kehc/2022/10767,19,16,Public Officer Ethics Act,verified,
ke/judgment/kehc/2022/10767,20,23,Leadership and Integrity Act,verified,
ke/judgment/kehc/2022/10767,21,17,Public Officer Ethics Act,verified,
ke/judgment/kehc/2022/10767,22,20,Public Officer Ethics Act,verified,
ke/judgment/kehc/2022/10767,23,32,Leadership and Integrity Act,verified,
ke/judgment/kehc/2022/10767,24,43,Constitution of Kenya,verified,
ke/judgment/kehc/2022/10767,24,55,Constitution of Kenya,verified,
ke/judgment/kehc/2022/10767,24,56,Constitution of Kenya,verified,
ke/judgment/kehc/2022/10767,25,43,Constitution of Kenya,verified,
ke/judgment/kehc/2022/10767,25,53,Constitution of Kenya,verified,
ke/judgment/kehc/2022/10767,26,41,Leadership and Integrity Act,verified,
ke/judgment/kehc/2022/10767,27,28,Ethics and Anti-Corruption Commission Act,verified,
ke/judgment/kehc/2022/10767,28,-,,verified,
ke/judgment/kehc/2022/10767,29,-,,verified,
ke/judgment/kehc/2022/10767,30,98,Public Procurement and Disposal Act,verified,
ke/judgment/kehc/2022/10767,31,-,,verified,
ke/judgment/kehc/2022/10767,32,-,,verified,
ke/judgment/kehc/2022/10767,33,27,Public Procurement and Disposal of Assets Act,verified,
ke/judgment/kehc/2022/10767,34,35,Public Procurement and Disposal of Assets Act,verified,
ke/judgment/kehc/2022/10767,35,-,,verified,
ke/judgment/kehc/2022/10767,36,38,Public Procurement and Disposal of Assets Act,verified,
ke/judgment/kehc/2022/10767,37,38(2),Public Procurement and Disposal of Assets Act,verified,
ke/judgment/kehc/2022/10767,38,25,Anti-Corruption and Economic Crimes Act,verified,
ke/judgment/kehc/2022/10767,39,11(1)(d),Ethics and Anti-Corruption Commission Act,verified,
ke/judgment/kehc/2017/3102,0,178(3),Constitution of Kenya,verified,
ke/judgment/kehc/2017/3102,0,106(1)(a),Constitution of Kenya,verified,
ke/judgment/kehc/2017/3102,1,178(2)(b),Constitution of Kenya,verified,
ke/judgment/kehc/2017/3102,2,62,Evidence Act,verified,
ke/judgment/kehc/2017/3102,2,63,Evidence Act,verified,
ke/judgment/kehc/2017/3102,2,64,Evidence Act,verified,
ke/judgment/kehc/2017/3102,2,65,Evidence Act,verified,
ke/judgment/kehc/2017/3102,3,177,Constitution of Kenya,verified,
ke/judgment/kehc/2017/3102,4,75(1)(A),Elections Act,verified,
ke/judgment/kehc/2017/3102,4,75(4),Elections Act,verified,
ke/judgment/kehc/2017/3102,4,80(3),Elections Act,verified,
ke/judgment/kehc/2017/3102,5,2,Elections Act,verified,
ke/judgment/kehc/2017/3102,6,178(2)(b),Constitution of Kenya,verified,
ke/judgment/kehc/2017/3102,7,50(1),Constitution of Kenya,verified,
ke/judgment/kehc/2017/3102,8,-,,verified,
ke/judgment/kehc/2017/3102,9,178(2),Constitution of Kenya,verified,
ke/judgment/kehc/2017/3102,10,9(4),County Governments Act,verified,
ke/judgment/kehc/2017/3102,11,21,Elections Act,verified,
ke/judgment/kehc/2017/3102,12,165(3)(a),Constitution of Kenya,verified,
ke/judgment/kehc/2017/3102,13,75,Elections Act,verified,
ke/judgment/kehc/2017/3102,14,62,Evidence Act,verified,
ke/judgment/kehc/2017/3102,14,63,Evidence Act,verified,
ke/judgment/kehc/2017/3102,14,64,Evidence Act,verified,
ke/judgment/kehc/2017/3102,14,65,Evidence Act,verified,
ke/judgment/kehc/2017/3102,15,165,Constitution of Kenya,verified,
ke/judgment/kehc/2017/3102,16,162(4),Constitution of Kenya,verified,
ke/judgment/kehc/2017/3102,17,50(1),Constitution of Kenya,verified,
ke/judgment/kehc/2017/3102,18,177,Constitution of Kenya,verified,
ke/judgment/kehc/2017/3102,19,178(1),Constitution of Kenya,verified,
ke/judgment/kehc/2017/3102,20,177,Constitution of Kenya,verified,
ke/judgment/kehc/2017/3102,21,90,Constitution of Kenya,verified,
ke/judgment/kehc/2017/3102,22,-,,verified,
ke/judgment/kehc/2017/3102,23,178,Constitution of Kenya,verified,
ke/judgment/kehc/2017/3102,24,-,,verified,
ke/judgment/kehc/2017/3102,25,178(3),Constitution of Kenya,verified,
ke/judgment/kehc/2017/3102,26,2,County Governments Act,verified,
ke/judgment/kehc/2017/3102,27,178,Constitution of Kenya,verified,
ke/judgment/kehc/2017/3102,28,178(2),Constitution of Kenya,verified,
ke/judgment/kehc/2017/3102,29,75(1A),Elections Act,verified,
ke/judgment/kehc/2017/3102,30,178(1),Constitution of Kenya,verified,
ke/judgment/kehc/2017/3102,31,38,Constitution of Kenya,verified,
ke/judgment/kehc/2017/3102,32,21,Elections Act,verified,
ke/judgment/kehc/2017/3102,33,196,Constitution of Kenya,verified,
ke/judgment/kehc/2017/3102,34,21(1),Elections Act,verified,
ke/judgment/kehc/2017/3102,35,39(1),Elections Act,verified,
ke/judgment/kehc/2017/3102,36,178(3),Constitution of Kenya,verified,
ke/judgment/kehc/2017/3102,37,11,County Governments Act,verified,
ke/judgment/kehc/2017/3102,38,9(4),County Governments Act,verified,
ke/judgment/kehc/2017/3102,39,21(5),Elections Act,verified,
ke/judgment/kehc/2023/21431,0,-,,verified,
ke/judgment/kehc/2023/21431,1,1A,Civil Procedure Act,verified,
ke/judgment/kehc/2023/21431,1,1B,Civil Procedure Act,verified,
ke/judgment/kehc/2023/21431,1,3A,Civil Procedure Act,verified,
ke/judgment/kehc/2023/21431,2,48,Constitution of Kenya,verified,
ke/judgment/kehc/2023/21431,2,159,Constitution of Kenya,verified,
ke/judgment/kehc/2023/21431,3,-,,verified,
ke/judgment/kehc/2023/21431,4,-,,verified,
ke/judgment/kehc/2023/21431,5,10(a),Retirement Benefits Act,verified,
ke/judgment/kehc/2023/21431,6,-,,verified,
ke/judgment/kehc/2023/21431,7,50,Constitution of Kenya,verified,
ke/judgment/kehc/2023/21431,8,48,Retirement Benefits Act,verified,
ke/judgment/kehc/2023/21431,9,49(3),Retirement Benefits Act,verified,
ke/judgment/kehc/2023/21431,10,49(3),Retirement Benefits Act,verified,
ke/judgment/kehc/2023/21431,11,-,,verified,
ke/judgment/kehc/2023/21431,12,-,,verified,
ke/judgment/kehc/2023/21431,13,-,,verified,
ke/judgment/kehc/2023/21431,14,-,,verified,
ke/judgment/kehc/2023/21431,15,-,,verified,
ke/judgment/kehc/2023/21431,16,-,,verified,
ke/judgment/kehc/2023/21431,17,-,,verified,
ke/judgment/kehc/2023/21431,18,-,,verified,
ke/judgment/kehc/2023/21431,19,-,,verified,
ke/judgment/kehc/2023/21431,20,-,,verified,
ke/judgment/kehc/2023/21431,21,-,,verified,
ke/judgment/kehc/2023/21431,22,-,,verified,
ke/judgment/kehc/2023/21431,23,-,,verified,
ke/judgment/kehc/2023/21431,24,-,,verified,
ke/judgment/kehc/2023/21431,25,-,,verified,
ke/judgment/kehc/2023/21431,26,-,,verified,
ke/judgment/kehc/2023/21431,27,40,Constitution of Kenya,verified,
ke/judgment/kehc/2023/21431,28,40,Retirement Benefits Act,verified,
ke/judgment/kehc/2023/21431,29,-,,verified,
ke/judgment/kehc/2023/21431,30,-,,verified,
ke/judgment/kehc/2023/21431,31,-,,verified,
ke/judgment/kehc/2023/21431,32,-,,verified,
ke/judgment/kehc/2023/21431,33,-,,verified,
ke/judgment/kehc/2023/21431,34,-,,verified,
ke/judgment/kehc/2023/21431,35,57,Constitution of Kenya,verified,
ke/judgment/kehc/2023/21431,36,47,Constitution of Kenya,verified,
ke/judgment/kehc/2023/21431,37,43,Constitution of Kenya,verified,
ke/judgment/kehc/2023/21431,37,57,Constitution of Kenya,verified,
ke/judgment/kehc/2023/21431,38,-,,verified,
ke/judgment/kehc/2023/21431,39,24,Constitution of Kenya,verified,
ke/judgment/kehc/2019/4160,0,50(1),Constitution of Kenya,verified,
ke/judgment/kehc/2019/4160,1,50,Constitution of Kenya,verified,
ke/judgment/kehc/2019/4160,2,-,,verified,
ke/judgment/kehc/2019/4160,3,50,Constitution of Kenya,verified,
ke/judgment/kehc/2019/4160,4,50,Constitution of Kenya,verified,
ke/judgment/kehc/2019/4160,5,-,,verified,
ke/judgment/kehc/2022/16302,0,17,Criminal Procedure Code,verified,
ke/judgment/kehc/2022/16302,0,350,Criminal Procedure Code,verified,
ke/judgment/kehc/2022/16302,0,357,Criminal Procedure Code,verified,
ke/judgment/kehc/2022/16302,0,362,Criminal Procedure Code,verified,
ke/judgment/kehc/2022/16302,0,364,Criminal Procedure Code,verified,
ke/judgment/kehc/2022/16302,1,350(2),Criminal Procedure Code,verified,
ke/judgment/kehc/2022/16302,2,333(2),Criminal Procedure Code,verified,
ke/judgment/kehc/2022/16302,3,8(1),Sexual Offences Act,verified,
ke/judgment/kehc/2022/16302,4,8(3),Sexual Offences Act,verified,
ke/judgment/kehc/2022/16302,5,333(2),Criminal Procedure Code,verified,
ke/judgment/kehc/2022/16302,6,333(2),Criminal Procedure Code,verified,
ke/judgment/kehc/2022/16302,7,333(2),Criminal Procedure Code,verified,
ke/judgment/kehc/2022/16302,8,63,Penal Code,verified,
ke/judgment/kehc/2022/16302,9,50(2)(p),Constitution of Kenya,verified,
ke/judgment/kehc/2022/16302,10,333(2),Criminal Procedure Code,verified,
ke/judgment/kehc/2022/16302,11,333(2),Criminal Procedure Code,verified,
ke/judgment/kehc/2022/16302,12,333(2),Criminal Procedure Code,verified,
ke/judgment/kehc/2022/16302,13,38,Penal Code,verified,
ke/judgment/kehc/2022/16302,14,137I(2)(a),Criminal Procedure Code,verified,
ke/judgment/kehc/2022/16302,15,333(2),Criminal Procedure Code,verified,
ke/judgment/kehc/2022/16302,16,333(2),Criminal Procedure Code,verified,
ke/judgment/kehc/2022/16302,17,333(2),Criminal Procedure Code,verified,
ke/judgment/kehc/2022/16302,18,333(2),Criminal Procedure Code,verified,
ke/judgment/kehc/2022/16302,19,23(1),Constitution of Kenya,verified,
ke/judgment/kehc/2022/16302,19,165(3)(b),Constitution of Kenya,verified,
ke/judgment/kehc/2022/16302,20,8(1),Sexual Offences Act,verified,
ke/judgment/kehc/2022/16302,21,8(3),Sexual Offences Act,verified,
ke/judgment/kehc/2022/16302,22,8,Sexual Offences Act,verified,
ke/judgment/kehc/2022/16302,23,8(3),Sexual Offences Act,verified,
ke/judgment/kehc/2022/16302,24,333(2),Criminal Procedure Code,verified,
ke/judgment/kehc/2022/2093,0,203,Penal Code,verified,
ke/judgment/kehc/2022/2093,1,204,Penal Code,verified,
ke/judgment/kehc/2022/2093,2,-,,verified,
ke/judgment/kehc/2022/2093,3,134,Criminal Procedure Code,verified,
ke/judgment/kehc/2022/2093,4,134,Criminal Procedure Code,verified,
ke/judgment/kehc/2022/2093,5,21,Penal Code,verified,
ke/judgment/kehc/2022/2093,6,206,Penal Code,verified,
ke/judgment/kehc/2023/17569,0,-,,verified,
ke/judgment/kehc/2023/17569,1,-,,verified,
ke/judgment/kehc/2023/17569,2,-,,verified,
ke/judgment/kehc/2023/17569,3,-,,verified,
ke/judgment/kehc/2023/17569,4,-,,verified,
ke/judgment/kehc/2024/3170,0,-,,verified,
ke/judgment/kehc/2024/3170,1,-,,verified,
ke/judgment/kehc/2024/3170,2,-,,verified,
ke/judgment/kehc/2024/3170,3,-,,verified,
ke/judgment/kehc/2024/3170,4,-,,verified,
ke/judgment/kehc/2024/3170,5,-,,verified,
ke/judgment/kehc/2024/3170,6,-,,verified,
ke/judgment/kehc/2024/3170,7,-,,verified,
ke/judgment/kehc/2024/3170,8,-,,verified,
ke/judgment/kehc/2024/3170,9,-,,verified,
ke/judgment/kehc/2024/3170,10,-,,verified,
ke/judgment/kehc/2024/3170,11,-,,verified,
ke/judgment/kehc/2024/3170,12,-,,verified,
ke/judgment/kehc/2024/3170,13,-,,verified,
ke/judgment/kehc/2024/3170,14,-,,verified,
ke/judgment/kehc/2024/3170,15,-,,verified,
ke/judgment/kehc/2024/3170,16,-,,verified,
ke/judgment/kehc/2024/3170,17,-,,verified,
ke/judgment/kehc/2024/3170,18,-,,verified,
ke/judgment/kehc/2024/3170,19,-,,verified,
ke/judgment/kehc/2024/3170,20,-,,verified,
ke/judgment/kehc/2024/3170,21,-,,verified,
ke/judgment/kehc/2024/3170,22,-,,verified,
ke/judgment/kehc/2024/3170,23,-,,verified,
ke/judgment/kehc/2024/3170,24,-,,verified,
ke/judgment/kehc/2024/3170,25,-,,verified,
ke/judgment/kehc/2024/3170,26,-,,verified,
ke/judgment/kehc/2024/3170,27,-,,verified,
ke/judgment/kehc/2024/3170,28,-,,verified,
ke/judgment/kehc/2024/3170,29,-,,verified,
ke/judgment/kehc/2024/3170,30,-,,verified,
ke/judgment/kehc/2024/3170,31,-,,verified,
ke/judgment/kehc/2024/3170,32,-,,verified,
ke/judgment/kehc/2024/3170,33,-,,verified,
ke/judgment/kehc/2024/3170,34,-,,verified,
ke/judgment/kehc/2024/3170,35,-,,verified,
ke/judgment/kehc/2024/3170,36,-,,verified,
ke/judgment/kehc/2024/3170,37,-,,verified,
ke/judgment/kehc/2024/3170,38,-,,verified,
ke/judgment/kehc/2024/3170,39,-,,verified,
ke/judgment/kehc/2007/168,0,9(1),Law Reform Act,verified,
ke/judgment/kehc/2007/168,1,-,,verified,
ke/judgment/kehc/2022/15115,0,-,,verified,
ke/judgment/kehc/2022/15115,1,-,,verified,
ke/judgment/kehc/2022/15115,2,52,Advocates Act,verified,
ke/judgment/kehc/2022/15115,3,-,,verified,
ke/judgment/kehc/2022/15115,4,3(1),Insolvency Act,verified,
ke/judgment/kehc/2022/15115,5,-,,verified,
ke/judgment/kehc/2022/15115,6,423,Insolvency Act,verified,
ke/judgment/kehc/2022/15115,7,427(2),Insolvency Act,verified,
ke/judgment/kehc/2022/15115,8,-,,verified,
