judgment_id,cand,verdict,section_ref,act_ref,reason
ke/judgment/keca/2013/401,0,ok,,,
ke/judgment/keca/2013/401,1,ok,,,
ke/judgment/keca/2013/401,2,ok,,,
ke/judgment/keca/2013/401,3,ok,,,
ke/judgment/keca/2013/401,4,ok,,,
ke/judgment/keca/2013/401,5,ok,,,
ke/judgment/keca/2013/401,6,ok,,,
ke/judgment/keca/2013/401,7,ok,,,
ke/judgment/keca/2013/401,8,ok,,,
ke/judgment/keca/2013/401,9,ok,,,
ke/judgment/keca/2013/401,10,ok,,,
ke/judgment/keca/1977/5,0,ok,,,
ke/judgment/keca/2025/5,0,ok,,,
ke/judgment/keca/2025/5,1,ok,,,
ke/judgment/keca/2025/5,2,ok,,,
ke/judgment/keca/2025/5,3,ok,,,
ke/judgment/keca/2025/5,4,ok,,,
ke/judgment/keca/2025/5,5,ok,,,
ke/judgment/keca/2025/5,6,ok,,,
ke/judgment/keca/2025/5,7,fix,206(a) | 206(b) | 206(c),Penal Code | Penal Code | Penal Code,"text reads ""section 206(a), (b) and (c) of the Penal Code"": three paragraphs cited, draft had only 206(a)"
ke/judgment/keca/2025/5,8,ok,,,
ke/judgment/keca/2025/5,9,ok,,,
ke/judgment/keca/2025/5,10,ok,,,
ke/judgment/keca/2025/5,11,ok,,,
ke/judgment/keca/2025/5,12,ok,,,
ke/judgment/keca/2025/5,13,ok,,,
ke/judgment/keca/1997/186,0,ok,,,
ke/judgment/keca/2015/768,0,ok,,,
ke/judgment/keca/2015/768,1,ok,,,
ke/judgment/keca/2015/768,2,ok,,,
ke/judgment/keca/2015/768,3,ok,,,
ke/judgment/keca/2015/768,4,ok,,,
ke/judgment/keca/2015/768,5,ok,,,
ke/judgment/keca/2015/768,6,ok,,,
ke/judgment/keca/2000/141,0,ok,,,
ke/judgment/keca/2000/141,1,ok,,,
ke/judgment/keca/2000/141,2,ok,,,
ke/judgment/keca/2023/1126,0,ok,,,
ke/judgment/keca/2023/1126,1,ok,,,
ke/judgment/keca/1981/1,0,ok,,,
ke/judgment/keca/1981/1,1,ok,,,
ke/judgment/keca/1981/1,2,ok,,,
ke/judgment/keca/1981/1,3,ok,,,
ke/judgment/keca/1981/1,4,ok,,,
ke/judgment/keca/1981/1,5,ok,,,
ke/judgment/keca/1981/1,6,ok,,,
ke/judgment/keca/1981/1,7,ok,,,
ke/judgment/keca/1981/1,8,ok,,,
ke/judgment/keca/1981/1,9,ok,,,
ke/judgment/keca/1981/1,10,ok,,,
ke/judgment/keca/1981/1,11,ok,,,
ke/judgment/keca/1981/1,12,ok,,,
ke/judgment/keca/1981/1,13,ok,,,
ke/judgment/keca/1981/1,14,ok,,,
ke/judgment/keca/1981/1,15,ok,,,
ke/judgment/keca/1981/1,16,ok,,,
ke/judgment/keca/1981/1,17,ok,,,
ke/judgment/keca/1981/1,18,ok,,,
ke/judgment/keca/1981/1,19,ok,,,
ke/judgment/keca/1981/1,20,ok,,,
ke/judgment/keca/1981/1,21,ok,,,
ke/judgment/keca/1981/1,22,ok,,,
ke/judgment/keca/1981/1,23,ok,,,
ke/judgment/keca/1981/1,24,ok,,,
ke/judgment/keca/1981/1,25,ok,,,
ke/judgment/keca/1981/1,26,ok,,,
ke/judgment/keca/1981/1,27,ok,,,
ke/judgment/keca/1981/1,28,ok,,,
ke/judgment/keca/1981/1,29,ok,,,
ke/judgment/keca/1981/1,30,ok,,,
ke/judgment/keca/1981/1,31,ok,,,
ke/judgment/keca/1981/1,32,ok,,,
ke/judgment/keca/1981/1,33,ok,,,
ke/judgment/keca/1981/1,34,ok,,,
ke/judgment/keca/1981/1,35,ok,,,
ke/judgment/keca/1981/1,36,ok,,,
ke/judgment/keca/1981/1,37,ok,,,
ke/judgment/keca/1981/1,38,ok,,,
ke/judgment/keca/1981/1,39,ok,,,
ke/judgment/keca/2023/884,0,ok,,,
ke/judgment/keca/2023/884,1,ok,,,
ke/judgment/keca/2023/884,2,ok,,,
ke/judgment/keca/2023/884,3,ok,,,
ke/judgment/keca/2023/884,4,ok,,,
ke/judgment/keca/2023/884,5,ok,,,
ke/judgment/keca/2023/884,6,ok,,,
ke/judgment/keca/2023/884,7,ok,,,
ke/judgment/keca/2023/884,8,ok,,,
ke/judgment/keca/2023/884,9,ok,,,
ke/judgment/keca/2023/884,10,ok,,,
ke/judgment/keca/2023/884,11,ok,,,
ke/judgment/keca/2023/884,12,ok,,,"text literally says ""Article 259 (2) (d) of the Constitution"" (evident typo for 159(2)(d)); draft labels it as written, consistent with README"
ke/judgment/keca/2023/884,13,ok,,,
ke/judgment/keca/2023/884,14,ok,,,
ke/judgment/keca/2023/884,15,ok,,,
ke/judgment/keca/2023/884,16,ok,,,
ke/judgment/keca/2023/884,17,ok,,,
